_id,quantity,reference,denomination,warehouse,assignedTeam,__v
658306e589709ebecbd69333,1,12050000579,JAMO - C91BL,657c7f787490392a73929577,657c7ba89460601333bb331a,0
658306e589709ebecbd69335,2,15030005822,Table de cuisson gaz AIRLUX AV635HBK,657c7f787490392a73929577,657c7ba89460601333bb331a,0
658306e589709ebecbd69340,1,CDL110DFWH/C-EU,Piano de cuisson FALCON Classic  Deluxe 110 blanc chrome mixte CDL110DFWH/C-EU,657c7f787490392a73929577,657c7ba89460601333bb331a,0
658306e589709ebecbd69342,76,CRED110NOIR,Crédence110cm noir  1100x670mm,657c7f787490392a73929577,657c7ba89460601333bb331a,0
658306e589709ebecbd69344,10,CRED90NOIR,Crédence 90cm noir  900x670mm,657c7f787490392a73929577,657c7ba89460601333bb331a,0
658306e589709ebecbd69346,1,FALHDC100BC,Hotte décorative murale Falcon CLASSIC 100cm avec barre (Couleur : Noir) FALHDC100BC,657c7f787490392a73929577,657c7ba89460601333bb331a,0
658306e589709ebecbd69348,2,FALHDC110CY/C-EU,Hotte décorative murale Falcon CLASSIC 110cm avec barre (Couleur : Rouge airelle),657c7f787490392a73929577,657c7ba89460601333bb331a,0
658306e589709ebecbd6934c,11,EXT5ANSPIANO,Extension de garantie 5 ans piano de cuisson Gaz,657c7f787490392a73929577,657c7ba89460601333bb331a,0
658306e589709ebecbd6934e,1,EQ10FF-5FINF-EXPO,Piano de cuisson Steel ENFASI ALL BLACK 100 cm  Noir EXPO  - 5 IND,657c7f787490392a73929577,657c7ba89460601333bb331a,0
658306e589709ebecbd69350,112,FORF-INJECTEUR,Forfait modification injecteurs gaz butane / propane,657c7f787490392a73929577,657c7ba89460601333bb331a,0
658306e589709ebecbd69358,4,EXTENSIONGARANTIE5ANS,Extension de garantie 3 ANS supplémentaires,657c7f787490392a73929577,657c7ba89460601333bb331a,0
658306e589709ebecbd6935a,5,GLPN66820,Réfrigérateur 1 porte GRUNDIG GLPN66820,657c7f787490392a73929577,657c7ba89460601333bb331a,0
658306e589709ebecbd6935f,1,GQ7SF-4SS OT,Piano de cuisson STEEL GENESI 70cm 2 fours Inox Laiton Combi-Steam EXPO G7SF,657c7f787490392a73929577,657c7ba89460601333bb331a,0
658306e589709ebecbd69361,1,HOTTEDOLCEVITA150IVORYWHITE,Hotte décorative murale Lofra DOLCEVITA 150cm Ivoire Laiton,657c7f787490392a73929577,657c7ba89460601333bb331a,0
658306e589709ebecbd69363,3,F1092DXDFBL/CM-EU,"Piano de cuisson FALCON PKR 110 Deluxe Noir Chrome, Grilles mattes mixte F1092DXDFBL/CM-EU",657c7f787490392a73929577,657c7ba89460601333bb331a,0
658306e589709ebecbd69365,4,HOTTEDOLCEVITA90NOIRMATC,Hotte décorative murale LOFRA DOLCEVITA 90 NOIR MAT Chrome HOTTEDOLCEVITA90NOIRMATC,657c7f787490392a73929577,657c7ba89460601333bb331a,0
658306e589709ebecbd69367,1,KMK968000T,Four encastrable noir AEG  KMK968000T,657c7f787490392a73929577,657c7ba89460601333bb331a,0
658306e589709ebecbd69369,1,KIT1TR41N,Crédence SMEG 110 noir Victoria KIT1TR41N,657c7f787490392a73929577,657c7ba89460601333bb331a,0
658306e589709ebecbd6936e,2,KNT2FF18T,Réfrigérateur combiné encastrable ELECTROLUX KNT2FF18T,657c7f787490392a73929577,657c7ba89460601333bb331a,0
658306e589709ebecbd69378,6,PLINTHELOFRADOLCEVITA120,Plinthe pour Lofra 120cm 21502533 - Hauteur : 135,657c7f787490392a73929577,657c7ba89460601333bb331a,0
658306e589709ebecbd6937a,1,HOTPYR90INOX,Hotte décorative murale Stoves 90cm (Couleur : Inox),657c7f787490392a73929577,657c7ba89460601333bb331a,0
658306e589709ebecbd6937c,6,PLINTHELOFRADOLCEVITA150,Plinthe pour Lofra 150cm 21503558 - Hauteur : 135,657c7f787490392a73929577,657c7ba89460601333bb331a,0
658306e589709ebecbd6937e,17,PLINTHELOFRADOLCEVITA90,Plinthe pour Lofra 90cm 21502190 - Hauteur : 135,657c7f787490392a73929577,657c7ba89460601333bb331a,0
658306e589709ebecbd69380,10,HOTTEDOLCEVITA90NOIRMAT,Hotte décorative murale Lofra DOLCEVITA 90cm Noir mat Laiton,657c7f787490392a73929577,657c7ba89460601333bb331a,0
658306e589709ebecbd69385,5,PRO46E,Cave à vin LE CHAI PRO46E,657c7f787490392a73929577,657c7ba89460601333bb331a,0
658306e589709ebecbd69387,1,RMHDC110WC/-EU,Hotte décorative murale Falcon CLASSIC 110cm sans barre (Couleur : Blanc),657c7f787490392a73929577,657c7ba89460601333bb331a,0
658306e589709ebecbd69389,4,RNMG96MFT/CiB,Piano de cuisson LOFRA DOLCEVITA 90cm Noir Bronze  Mixte RNMG96MFT/Ci,657c7f787490392a73929577,657c7ba89460601333bb331a,0
658306e589709ebecbd6938b,4,RNMG96MFT/CiC,Piano de cuisson LOFRA DOLCEVITA 90cm Noir Chrome Mixte RNMG96MFT/Ci,657c7f787490392a73929577,657c7ba89460601333bb331a,0
658306e589709ebecbd6938d,7,TR4110BL1,Piano de cuisson SMEG TR4110BL1 Mixte 110cm Victoria (Couleur : Noir),657c7f787490392a73929577,657c7ba89460601333bb331a,0
658306e589709ebecbd6938f,1,RNMG96MFT/5IB,Piano de cuisson LOFRA DOLCEVITA 90cm Noir Bronze Induction RNMG96MFT/5i,657c7f787490392a73929577,657c7ba89460601333bb331a,0
658306e589709ebecbd69370,8,LEIHDC90BC/-EU,Hotte décorative Falcon CLASSIC 90cm sans barre (Couleur : Noir),657c7f787490392a73929577,657c7ba89460601333bb331a,0
658306e589709ebecbd69393,5,TR4110IBL2,Piano de cuisson SMEG Induction 110cm Victoria (Couleur : Noir) TR4110IBL2,657c7f787490392a73929577,657c7ba89460601333bb331a,0
658306e589709ebecbd69395,1,UNBHDS90CR,Hotte décorative plate FALCON Creme UNBHDS90CR,657c7f787490392a73929577,657c7ba89460601333bb331a,0
658306e589709ebecbd69397,3,21500202,Couvercle en verre trempé inox 80x50 cm Lofra,657c7f787490392a73929577,657c7ba89460601333bb331a,0
658306e589709ebecbd69399,5,RNMD96MFTE/CIB,Piano de cuisson LOFRA DOLCE VITA 90cm Noir Bronze Mixte 2 fours RNMD96MFTE/CiB,657c7f787490392a73929577,657c7ba89460601333bb331a,0
658306e689709ebecbd6939d,1,21500871,Couvercle en verre trempé satin Lofra 90x60 cm,657c7f787490392a73929577,657c7ba89460601333bb331a,0
658306e689709ebecbd6939f,1,CR520,Plancha en fonte GLEM AIRLUX CR520,657c7f787490392a73929577,657c7ba89460601333bb331a,0
658306e689709ebecbd693a3,1,HGN9G2I,Plaque de cuisson mixte Lofra Dione 90 cm HGN9G2I,657c7f787490392a73929577,657c7ba89460601333bb331a,0
658306e689709ebecbd693a6,1,PG96WMFT/AEO,Piano de cuisson Lofra VENEZIA 90 cm mixte - 1 four (Couleur : Inox),657c7f787490392a73929577,657c7ba89460601333bb331a,0
658306e689709ebecbd693c4,11,SPLASHBACK90LOFRAINOX,Crédence Lofra DOLCEVITA 90cm Inox Laiton SPLASHBACK90LOFRAINOX,657c7f787490392a73929577,657c7ba89460601333bb331a,0
658306e689709ebecbd693ce,1,150100EQ464,Réfrigérateur top DOMO DO981RTKR Vintage rouge,657c7f787490392a73929577,657c7ba89460601333bb331a,0
658306e689709ebecbd693d2,1,150200EQ401,Réfrigérateur encastrable WHIRLPOOL ARG9070A+,657c7f787490392a73929577,657c7ba89460601333bb331a,0
658306e689709ebecbd693d4,1,150300EQ471,Table de cuisson gaz HOTPOINT PCN752T/IX/HA,657c7f787490392a73929577,657c7ba89460601333bb331a,0
658306e689709ebecbd693d6,1,3429.14,Couvercle Ø14 en verre pontet inox DE BUYER 3429.14,657c7f787490392a73929577,657c7ba89460601333bb331a,0
658306e689709ebecbd693d8,1,3429.16,Couvercle Ø16 en verre pontet inox DE BUYER 3429.16,657c7f787490392a73929577,657c7ba89460601333bb331a,0
658306e689709ebecbd693da,1,3429.18,Couvercle Ø18 en verre pontet inox DE BUYER 3429.18,657c7f787490392a73929577,657c7ba89460601333bb331a,0
658306e689709ebecbd693dc,1,3429.20,Couvercle Ø20 en verre pontet inox DE BUYER 3429.20,657c7f787490392a73929577,657c7ba89460601333bb331a,0
658306e689709ebecbd693de,1,3603.24,Sauteuse à queue Ø24CM Bombée alchimy  DE BUYER 3603.24,657c7f787490392a73929577,657c7ba89460601333bb331a,0
658306e689709ebecbd693e0,2,3605.28,Faitout Ø28CM alchimy sans couvercle DE BUYER 3605.28,657c7f787490392a73929577,657c7ba89460601333bb331a,0
658306e689709ebecbd693e2,5,3660.02,Anses amovibles en bois de hêtre DEBUYER LOQY,657c7f787490392a73929577,657c7ba89460601333bb331a,0
658306e689709ebecbd693e4,2,40509-310-0,Cocotte en fonte ronde 26cmØ STAUB (Couleur : Noir),657c7f787490392a73929577,657c7ba89460601333bb331a,0
658306e689709ebecbd693e6,2,40509-840-0,Cocotte en fonte ronde 26cmØ STAUB (Couleur : Cerise),657c7f787490392a73929577,657c7ba89460601333bb331a,0
658306e689709ebecbd693e8,1,523179,Cocotte inox avec couvercle 28cm 523179 MAUVIEL1830,657c7f787490392a73929577,657c7ba89460601333bb331a,0
658306e689709ebecbd693ea,2,5615.26,Poele à crêpes  Ø26CM Mineral B  DE BUYER 5615.26,657c7f787490392a73929577,657c7ba89460601333bb331a,0
658306e689709ebecbd693ee,3,5710.32,Poele  Ø32CM Mineral B Bois DE BUYER 5710.32,657c7f787490392a73929577,657c7ba89460601333bb331a,0
658306e689709ebecbd693f0,2,5712.03,Poele Triblinis Ø27CM Mineral B Bois DE BUYER 5712.03,657c7f787490392a73929577,657c7ba89460601333bb331a,0
658306e689709ebecbd693f2,2,5714.24,Poele paysanne  Ø24CM Mineral B Bois DE BUYER 5714.24,657c7f787490392a73929577,657c7ba89460601333bb331a,0
658306e689709ebecbd693f4,8,5718.28,Wok Ø28CM Mineral B Bois DE BUYER 5718.28,657c7f787490392a73929577,657c7ba89460601333bb331a,0
658306e689709ebecbd693f6,4,580232010701,Plancha ENO Fusion 60cm inox 580232010701,657c7f787490392a73929577,657c7ba89460601333bb331a,0
658306e689709ebecbd693f8,3,580232700701,Plancha ENO Fusion 60cm gris cargo 580232700701,657c7f787490392a73929577,657c7ba89460601333bb331a,0
658306e689709ebecbd693fa,1,6424.24,Poele ronde Ø24CM Inocuivre queue inox    DE BUYER 6424.24,657c7f787490392a73929577,657c7ba89460601333bb331a,0
658306e689709ebecbd693d0,1,150100EQ337,Réfrigérateur combiné vintage SCHNEIDER SCB250VR Rouge,657c7f787490392a73929577,657c7ba89460601333bb331a,0
658306e689709ebecbd69406,1,6427.35,Plat à rotir 35X25cm Cuivre Trimetal DE BUYER 6427.35,657c7f787490392a73929577,657c7ba89460601333bb331a,0
658306e689709ebecbd69408,1,6442.28,Faitout Ø28CM Inocuivre à couvercle DE BUYER 6442.28,657c7f787490392a73929577,657c7ba89460601333bb331a,0
658306e689709ebecbd6940a,1,851005000367,Cocotte ovale 34cm oreille gris flamme interieur sable  GODIN 851005000367,657c7f787490392a73929577,657c7ba89460601333bb331a,0
658306e689709ebecbd6940c,1,A10FF-6W,Piano de cuisson ASCOT améthyste STEEL A10FF-6W,657c7f787490392a73929577,657c7ba89460601333bb331a,0
658306e689709ebecbd6940e,1,A15007953,BEKA LINE FAITOUT TITAN 28cm,657c7f787490392a73929577,657c7ba89460601333bb331a,0
658306e689709ebecbd69410,1,A15010311,Faitout titan 24cm BEKA LINE A15010311,657c7f787490392a73929577,657c7ba89460601333bb331a,0
658306e689709ebecbd69412,1,A17009740,POELE 24CM BEKA A17009740,657c7f787490392a73929577,657c7ba89460601333bb331a,0
658306e689709ebecbd69414,1,AFR-9F,Réfrigérateur ASCOT french door  Améthyste STEEL AFR-9F,657c7f787490392a73929577,657c7ba89460601333bb331a,0
658306e689709ebecbd69416,1,APOGEE190DZ,Cave à vin LA SOMMELIÈRE APOGEE190DZ,657c7f787490392a73929577,657c7ba89460601333bb331a,0
658306e689709ebecbd69418,1,AQ12SF-4TM,Piano de cuisson ascot 120cm STEEL AQ12SF-4TM,657c7f787490392a73929577,657c7ba89460601333bb331a,0
658306e689709ebecbd6941a,1,3706.16,Casserole Ø16CM affinity tout inox  DE BUYER 3706.16,657c7f787490392a73929577,657c7ba89460601333bb331a,0
658306e689709ebecbd693ec,4,5710.24,Poele Ø24CM Mineral B Bois  DE BUYER 5710.24,657c7f787490392a73929577,657c7ba89460601333bb331a,0
658306e689709ebecbd69430,1,3709.28,Couvercle Ø28 en inox pontet fonte inox DE BUYER 3709.28,657c7f787490392a73929577,657c7ba89460601333bb331a,0
658306e689709ebecbd69442,1,BCC01TPMEU,Machine à café broyeur automatique rétro SMEG (Couleur : Taupe),657c7f787490392a73929577,657c7ba89460601333bb331a,0
658306e689709ebecbd69444,1,BF834RGB1,Micro onde BOSCH BF834RGB1,657c7f787490392a73929577,657c7ba89460601333bb331a,0
658306e689709ebecbd69446,1,BFGNS00ECT,Rôtissoire à gaz  noir mat laiton inox satiné Flamberge LA CORNUE BFGNS00ECT,657c7f787490392a73929577,657c7ba89460601333bb331a,0
658306e689709ebecbd69448,1,BLF01SVEU,Blender SMEG Années 50 (Couleur : Chrome),657c7f787490392a73929577,657c7ba89460601333bb331a,0
658306e689709ebecbd6944a,6,CDL110DFBL/C-EU,Piano de cuisson Falcon Classic Deluxe - Noir Chrome CDL110DFBL/C-EU,657c7f787490392a73929577,657c7ba89460601333bb331a,0
658306e689709ebecbd6944c,1,CDL90DFSL/C-EU,Piano de cuisson FALCON Classic Deluxe  90 gris ardoise chrome mixte CDL90DFSL/C-EU,657c7f787490392a73929577,657c7ba89460601333bb331a,0
658306e689709ebecbd69459,1,CDL90EIBL/B-EU,Piano de cuisson FALCON Classic Deluxe 90  noir laiton induction CDL90EIBL/B-EU,657c7f787490392a73929577,657c7ba89460601333bb331a,0
658306e689709ebecbd6945b,1,COVER1480,Hotte décorative murale FALMEC COVER1480,657c7f787490392a73929577,657c7ba89460601333bb331a,0
658306e689709ebecbd6945d,2,CHROMA540,Cave à vin de service électrochromatique LE CHAI CHROMA540,657c7f787490392a73929577,657c7ba89460601333bb331a,0
658306e689709ebecbd69468,1,CPF9GPOR,Piano de cuisson SMEG mixte orange CPF9GPOR,657c7f787490392a73929577,657c7ba89460601333bb331a,0
658306e689709ebecbd6946a,1,DIS01,Desserte achille en inox avec rideau ENO DIS01,657c7f787490392a73929577,657c7ba89460601333bb331a,0
658306e689709ebecbd6946c,1,DPN53,Desserte pour plancha  EMILE / HPL et bois  ENO DPN53,657c7f787490392a73929577,657c7ba89460601333bb331a,0
658306e689709ebecbd6946e,1,CRED110VERRENOIR,Crédence 110cm Verre  noir  CRED110VERRENOIR,657c7f787490392a73929577,657c7ba89460601333bb331a,0
658306e689709ebecbd69471,1,CTPNE147,Cave à vin LA SOMMELIÈRE CTPNE147,657c7f787490392a73929577,657c7ba89460601333bb331a,0
658306e689709ebecbd69473,7,CX90GM,Piano de cuisson SMEG 90 cm mixte CX90GM,657c7f787490392a73929577,657c7ba89460601333bb331a,0
658306e689709ebecbd69440,1,BORGOANTICO140LGE,Piano de cuisson 140cm combiné bois électrique gaz  ARCHAMBAUD BORGOANTICO140LGE,657c7f787490392a73929577,657c7ba89460601333bb331a,0
658306e689709ebecbd69479,20,DO154A,Mini rafraichisseur d'air DOMO DO154A,657c7f787490392a73929577,657c7ba89460601333bb331a,0
658306e689709ebecbd6947b,3,EC9155MB,Machine à expresso DELONGHI EC9155MB,657c7f787490392a73929577,657c7ba89460601333bb331a,0
658306e689709ebecbd6947d,1,ELS110DFWH/-EU,Piano de cuisson FALCON Elise 110cm Mixte blanc ELS110DFWH/-EU,657c7f787490392a73929577,657c7ba89460601333bb331a,0
658306e689709ebecbd6947f,1,ER71505ERIOSLT,Piano de cuisson AGA Induction  electric ER71505ERIOSLT + r7502eislt,657c7f787490392a73929577,657c7ba89460601333bb331a,0
658306e689709ebecbd69483,1,F457PROMWTN,Micro-onde encastrable BERTAZZONI F457PROMWTN,657c7f787490392a73929577,657c7ba89460601333bb331a,0
658306e689709ebecbd69490,1,F6011PROVPTN,Four à encastrer 60cm BERTAZZON IF6011PROVPTN,657c7f787490392a73929577,657c7ba89460601333bb331a,0
658306e689709ebecbd69492,1,FA490RAN5,Réfrigérateur 2 portes 70cm anthracite SMEG FA490RAN5,657c7f787490392a73929577,657c7ba89460601333bb331a,0
658306e689709ebecbd69494,1,FAB28LDUJ5,Réfrigérateur 1 porte union jack SMEG FAB28LDUJ5,657c7f787490392a73929577,657c7ba89460601333bb331a,0
658306e689709ebecbd69496,1,FAB32RBL5,Réfrigérateur combiné SMEG FAB32R (Couleur : Noir),657c7f787490392a73929577,657c7ba89460601333bb331a,0
658306e689709ebecbd69498,1,FALHDC110BC/-EU,"Hotte décorative murale Falcon CLASSIC 110cm avec barre (Finition : Chrome, Couleur : Noir)",657c7f787490392a73929577,657c7ba89460601333bb331a,0
658306e689709ebecbd6949a,5,FALSP90SS,Crédence FALCON sans badge 90cm inox FALSP90SS,657c7f787490392a73929577,657c7ba89460601333bb331a,0
658306e689709ebecbd6949c,1,FCON1092EICA/N-EU,Piano de cuisson FALCON PKR Continental  bleu de chine nickel induction  FCON1092EICA/N-EU,657c7f787490392a73929577,657c7ba89460601333bb331a,0
658306e689709ebecbd6949e,1,FHDCT900BL/C,Hotte décorative Falcon PKR CONTEMPORAINE 90 Noir chrome FHDCT900BL/C,657c7f787490392a73929577,657c7ba89460601333bb331a,0
658306e689709ebecbd694a0,1,FN37402i,Congélateur MIELE FN37402i,657c7f787490392a73929577,657c7ba89460601333bb331a,0
658306e689709ebecbd694a2,1,FQ960BL5,Réfrigérateur américain SMEG Victoria 4 portes (Couleur : Noir),657c7f787490392a73929577,657c7ba89460601333bb331a,0
658306e689709ebecbd694a4,2,GA960PCGIX,Piano de cuisson gaz GLEM GA960PCGIX,657c7f787490392a73929577,657c7ba89460601333bb331a,0
658306e689709ebecbd694a6,10,GAZ NATUREL 1.5M,FLEXIBLE GAZ 1.50,657c7f787490392a73929577,657c7ba89460601333bb331a,0
658306e689709ebecbd694a8,10,GAZ NATUREL 2M,FLEXIBLE GAZ NATUREL 2M,657c7f787490392a73929577,657c7ba89460601333bb331a,0
658306e689709ebecbd694aa,9,GAZ PROP/BUT 1.5M,FLEXIBLE GAZ BOUTEILLE PROPANE BUTANE,657c7f787490392a73929577,657c7ba89460601333bb331a,0
658306e689709ebecbd694ac,1,GFRNM819 4 DOORS,Réfrigérateur américain Lofra DOLCEVITA 4 portes Noir Laiton GFRNM819 4 DOORS,657c7f787490392a73929577,657c7ba89460601333bb331a,0
658306e689709ebecbd694ae,1,CPF120IGMPBL,Piano de cuisson SMEG PORTOFINO 120cm Mixte Noir CPF120IGMPBL,657c7f787490392a73929577,657c7ba89460601333bb331a,0
658306e689709ebecbd694b0,1,CFE110EISS/NS,Piano de cuisson cornufé 110cm induction Inox satiné  nickel inox satiné LA CORNUE CFE110EISS/NS,657c7f787490392a73929577,657c7ba89460601333bb331a,0
658306e689709ebecbd69475,3,DB0614E0,Lave vaisselle Lofra DOLCEVITA DB0614E0,657c7f787490392a73929577,657c7ba89460601333bb331a,0
658306e689709ebecbd69477,1,DB0614E0/BLACK MATT BRASS,"Lave-vaisselle encastrable Lofra DOLCEVITA (Finition : Laiton, Couleur : Noir) B0614E0/BL MATT BRASS",657c7f787490392a73929577,657c7ba89460601333bb331a,0
658306e689709ebecbd694b8,5,GU850CER,Piano de cuisson GLEM GU850CER,657c7f787490392a73929577,657c7ba89460601333bb331a,0
658306e689709ebecbd694ba,1,HC451501EB,AEG TABLE INDUCT. HC451501EB,657c7f787490392a73929577,657c7ba89460601333bb331a,0
658306e689709ebecbd694bc,1,HER126G2ENET,Piano de cuisson 120cm noir BERTAZZONI HER126G2ENET,657c7f787490392a73929577,657c7ba89460601333bb331a,0
658306e689709ebecbd694be,1,HLBI9G2I,Plaque de cuisson Lofra NETTUNO 90 cm gaz + induction Ivoire HLBI9G2I,657c7f787490392a73929577,657c7ba89460601333bb331a,0
658306e689709ebecbd694c0,1,HOTPYR90NOIR,Hotte décorative murale Stoves 90cm (Couleur : Noir),657c7f787490392a73929577,657c7ba89460601333bb331a,0
658306e689709ebecbd694c3,1,IKP2654,Réfrigérateur intégrable LIEBHERR IKP2654,657c7f787490392a73929577,657c7ba89460601333bb331a,0
658306e689709ebecbd694c5,1,IRF1784,Réfrigérateur 1 porte encastrable LIEBHERR IRF1784,657c7f787490392a73929577,657c7ba89460601333bb331a,0
658306e689709ebecbd694c7,1,JNPR1,Bouteille spiritueux sans alcool JNPR N°1 (70cl),657c7f787490392a73929577,657c7ba89460601333bb331a,0
658306e689709ebecbd694c9,3,JNPR2,Bouteille spiritueux sans alcool JNPR N°2 (70cl),657c7f787490392a73929577,657c7ba89460601333bb331a,0
658306e689709ebecbd694cb,1,K120HERTX,Hotte murale Heritage 120cm BERTAZZONI K120HERTX,657c7f787490392a73929577,657c7ba89460601333bb331a,0
658306e689709ebecbd694db,1,LAK100AA,Hotte 100cm Améthyste STEEL LAK100AA,657c7f787490392a73929577,657c7ba89460601333bb331a,0
658306e689709ebecbd694dd,1,LCF1532CTG-NO/CB,Piano de cuisson Citeaux noir chrome brillant LACANCHE LCF1532CTG-NO/CB,657c7f787490392a73929577,657c7ba89460601333bb331a,0
658306e689709ebecbd694df,1,LEIHDC100SS/C-EU,Hotte décorative murale Falcon CLASSIC 100 cm sans barre (Couleur : Inox),657c7f787490392a73929577,657c7ba89460601333bb331a,0
658306e689709ebecbd694e1,1,LG962CTG,Piano de cuisson Bussy Bleu delf finition laiton LACANCHE LG962CTG,657c7f787490392a73929577,657c7ba89460601333bb331a,0
658306e689709ebecbd694e3,4,LM1640,Cave à vin de service LE CHAI LM1640,657c7f787490392a73929577,657c7ba89460601333bb331a,0
658306e689709ebecbd694e5,1,LMVI1052ECT,Piano de cuisson Cluny corail bleu LACANCHE LMVI1052ECT,657c7f787490392a73929577,657c7ba89460601333bb331a,0
658306e689709ebecbd694e8,1,KCH90DFBL/C-EU,Piano de cuisson Falcon KITCHENER 90cm mixte (Couleur : Noir),657c7f787490392a73929577,657c7ba89460601333bb331a,0
658306e689709ebecbd694ea,1,KLF05BLEU,Mini bouilloire électrique SMEG (Couleur : Noir),657c7f787490392a73929577,657c7ba89460601333bb331a,0
658306e689709ebecbd694ec,3,KT110BLE,Hotte décorative murale SMEG Victoria 110cm Noir KT110BLE,657c7f787490392a73929577,657c7ba89460601333bb331a,0
658306e689709ebecbd694f2,9,PARMAXL,Plancha grille viande SMEG Concerto  PARMAXL,657c7f787490392a73929577,657c7ba89460601333bb331a,0
658306e689709ebecbd694f4,2,PHOT90STERINOX,Hotte décorative plate STOVES Sterling PHOT90STERINOX,657c7f787490392a73929577,657c7ba89460601333bb331a,0
658306e689709ebecbd694f6,1,PLANE1420,Hotte murale FALMEC Plane Black NRS 90 cm,657c7f787490392a73929577,657c7ba89460601333bb331a,0
658306e689709ebecbd694f8,1,PPRECIDX110DFBL,Piano de cuisson STOVES precision deluxe 110 DFT noir  PPRECIDX110DFBL,657c7f787490392a73929577,657c7ba89460601333bb331a,0
658306e689709ebecbd694fa,1,NEX90EISS/C-EU,Piano de cuisson FALCON Nexus 90  Inox chrome induction NEX90EISS/C-EU,657c7f787490392a73929577,657c7ba89460601333bb331a,0
658306e689709ebecbd69500,1,P-221/90,Hotte 90cm gris mat  PANDO P-221/90,657c7f787490392a73929577,657c7ba89460601333bb331a,0
658306e689709ebecbd69502,4,PCRED90INOX,Crédence STOVES 90cm inox PCRED90INOX,657c7f787490392a73929577,657c7ba89460601333bb331a,0
658306e689709ebecbd69504,1,PDL110EIGB/C-EU,Piano de cuisson FALCON Professional Deluxe 110 CM noir brillant chrome induction PDL110EIGB/C-EU,657c7f787490392a73929577,657c7ba89460601333bb331a,0
658306e689709ebecbd69506,1,PRD96MFTE/5I,Piano de cuisson LOFRA VENEZIA 90cm rouge Induction PRD96MFTE/5I,657c7f787490392a73929577,657c7ba89460601333bb331a,0
658306e689709ebecbd69509,2,PRICHDX90DFMMI,Piano de cuisson Stoves RICHMOND DELUXE 90cm Mixte (Couleur : Mojito mint),657c7f787490392a73929577,657c7ba89460601333bb331a,0
658306e689709ebecbd6950b,2,PRICHDX90EITBL,Piano de cuisson STOVES Richmond Deluxe 90cm induction bleu orage PRICHDX90EITBL,657c7f787490392a73929577,657c7ba89460601333bb331a,0
658306e689709ebecbd6950d,1,PROCH94I1ECAT,Piano de cuisson BERTAZZONI 90 cm Induction avec hotte intégrée (Couleur : Gris Anthracite),657c7f787490392a73929577,657c7ba89460601333bb331a,0
658306e689709ebecbd6950f,1,PURU,Table cuisson induction avec dispositif  aspirant BORA PURU,657c7f787490392a73929577,657c7ba89460601333bb331a,0
658306e689709ebecbd69513,1,SFP4120PZ,Four compact SMEG SFP4120PZ,657c7f787490392a73929577,657c7ba89460601333bb331a,0
658306e689709ebecbd69515,1,UWKES1752-22,Cave à vin encastrable LIEBHERR UWKES1752-22,657c7f787490392a73929577,657c7ba89460601333bb331a,0
658306e689709ebecbd69517,1,SLS41,Cave à vin de service LA SOMMELIÈRE SLS41,657c7f787490392a73929577,657c7ba89460601333bb331a,0
658306e689709ebecbd69519,1,SMF03BLEU,Robot ménager Smeg SMF03BLEU Noir,657c7f787490392a73929577,657c7ba89460601333bb331a,0
658306e689709ebecbd6951b,2,SOP6900TN,Four encastrable pyrolyse SMEG Victoria 60 cm (Couleur : Noir),657c7f787490392a73929577,657c7ba89460601333bb331a,0
658306e689709ebecbd6951d,1,STL322BQLFR,Lave-vaisselle 60cm intégrable SMEG  STL322BQLFR,657c7f787490392a73929577,657c7ba89460601333bb331a,0
658306e689709ebecbd6951f,1,T208H.W,Sèche-linge pompe à chaleur 8kg ASKO T208H.W,657c7f787490392a73929577,657c7ba89460601333bb331a,0
658306e689709ebecbd69521,1,TR103P,Piano de cuisson Smeg Victoria 100cm Mixte (Couleur : Crème),657c7f787490392a73929577,657c7ba89460601333bb331a,0
658306e689709ebecbd69524,5,TSF01PGEU,Grille pain SMEG Vert d'eau TSF01PGEU,657c7f787490392a73929577,657c7ba89460601333bb331a,0
658306e689709ebecbd69526,4,UNBSP110BL/,Crédence FALCON sans badge noir UNBSP110BL/,657c7f787490392a73929577,657c7ba89460601333bb331a,0
658306e689709ebecbd69528,1,VIP196,Cave à vin LA SOMMELIÈRE VIP196,657c7f787490392a73929577,657c7ba89460601333bb331a,0
658306e689709ebecbd6952c,1,WKEGB582-21,Cave à vin encastrable LIEBHERR WKEGB582-21,657c7f787490392a73929577,657c7ba89460601333bb331a,0
658306e689709ebecbd6952e,6,WOKLOFRA,Support wok LOFRA 03190152,657c7f787490392a73929577,657c7ba89460601333bb331a,0
658306e689709ebecbd69530,1,150300EEP01,Four encastrable AEG KP8406001M,657c7f787490392a73929577,657c7ba89460601333bb331a,0
658306e689709ebecbd69532,1,150300EQ492,Micro ondes encastrable WHIRLPOOL AMW433IX,657c7f787490392a73929577,657c7ba89460601333bb331a,0
658306e689709ebecbd69534,1,REF904FFNXTC,Réfrigérateur portes françaises fabrique de glace BERTAZZONI REF904FFNXTC,657c7f787490392a73929577,657c7ba89460601333bb331a,0
658306e689709ebecbd69536,1,W2086R.W,Lave-linge hublot  ASKO W2086R.W,657c7f787490392a73929577,657c7ba89460601333bb331a,0
658306e689709ebecbd69538,1,WD60N,Tirroir chauffant BERTAZZONI WD60N,657c7f787490392a73929577,657c7ba89460601333bb331a,0
658306e689709ebecbd6953a,5,RNMG96MFT/Ci,Piano de cuisson LOFRA DOLCEVITA 90cm Noir Laiton Mixte RNMG96MFT/Ci,657c7f787490392a73929577,657c7ba89460601333bb331a,0
658306e689709ebecbd6953e,1,AT635HIX,Table de cuisson gaz AIRLUX AT635HIX,657c7f787490392a73929577,657c7ba89460601333bb331a,0
658306e689709ebecbd69540,1,DME7121X,DE DIETRICH M.O ENCASTR. DME7121X,657c7f787490392a73929577,657c7ba89460601333bb331a,0
658306e689709ebecbd69542,1,BMS6115X,Micro ondes encastrable BRANDT BMS6115X,657c7f787490392a73929577,657c7ba89460601333bb331a,0
658306e689709ebecbd694fc,1,OCS8487B-1,Four combiné vapeur 45cm noir ASKO OCS8487B-1,657c7f787490392a73929577,657c7ba89460601333bb331a,0
658306e689709ebecbd694fe,1,P-2000,Hotte décorative PANDO 150cm P-2000,657c7f787490392a73929577,657c7ba89460601333bb331a,0
658306e689709ebecbd69546,1,FALHDC110CR/C-EU,Hotte décorative murale Falcon CLASSIC 110cm avec barre (Couleur : Crème),657c7f787490392a73929577,657c7ba89460601333bb331a,0
658306e689709ebecbd69548,1,GFRBI619 SIDE-BY-SIDE,"Réfrigérateur américain Lofra DOLCEVITA 90 cm (Finition : Laiton, Couleur : Ivoire)",657c7f787490392a73929577,657c7ba89460601333bb331a,0
658306e689709ebecbd69556,1,KIT1TR9N,Crédence SMEG 90 noir Victoria KIT1TR9N,657c7f787490392a73929577,657c7ba89460601333bb331a,0
658306e689709ebecbd69558,1,KT100GRE,HOTTE 100CM GRIS VICTORIA SMEG KT100GRE,657c7f787490392a73929577,657c7ba89460601333bb331a,0
658306e689709ebecbd6955b,2,LEIHDC110BC/-EU,"Hotte décorative murale Falcon CLASSIC 110cm sans barre (Finition : Chrome, Couleur : Noir)",657c7f787490392a73929577,657c7ba89460601333bb331a,0
658306e689709ebecbd6955d,1,MG86MF/C,Piano de cuisson Lofra MAXIMA 80cm Mixte (Profondeur : 60 cm) (Type de four : Électrique),657c7f787490392a73929577,657c7ba89460601333bb331a,0
658306e689709ebecbd69566,2,NEX110SODFCB/C-EU,Piano de cuisson FALCON Nexus steam 110 CM Charbon noir chrome mixte NEX110SODFCB/C-EU,657c7f787490392a73929577,657c7ba89460601333bb331a,0
658306e689709ebecbd69568,1,PCITY110EISS,Piano de cuisson STOVES Gourmet City 110cm induction inox PCITY110EISS,657c7f787490392a73929577,657c7ba89460601333bb331a,0
658306e689709ebecbd6956a,1,PCITY90EIBLK,Piano de cuisson STOVES Gourmet City 90cm induction Noir PCITY90EIBLK,657c7f787490392a73929577,657c7ba89460601333bb331a,0
658306e689709ebecbd6956c,1,PD126MF+E/2CiK,Piano de cuisson LOFRA PROFESSIONAL 120cm Inox Mixte PD126MF+E/2CiK,657c7f787490392a73929577,657c7ba89460601333bb331a,0
658306e689709ebecbd69570,1,PNMG86GVT/C,Piano de cuisson LOFRA PNMG86GVT/C,657c7f787490392a73929577,657c7ba89460601333bb331a,0
658306e689709ebecbd69578,1,PRICHDX110EIICY,Piano de cuisson STOVES Richmond Deluxe 110 EI blanc induction PRICHDX110EIICY,657c7f787490392a73929577,657c7ba89460601333bb331a,0
658306e689709ebecbd6957a,2,PSTERG110DFSS/B,Piano de cuisson Sterling 110CM  inox mixte STOVE PSTERG110DFSS,657c7f787490392a73929577,657c7ba89460601333bb331a,0
658306e689709ebecbd6957c,1,PSTERGL90DFBL,Piano de cuisson STOVES Sterling Glass 90 DFT noir  PSTERGL90DFBL,657c7f787490392a73929577,657c7ba89460601333bb331a,0
658306e689709ebecbd6957e,1,RBP126SMFET+MFT/2AEO,"Piano de cuisson Lofra DOLCEVITA 120cm Mixte 3 fours (Couleur : Blanc, Finition : Laiton)",657c7f787490392a73929577,657c7ba89460601333bb331a,0
658306e689709ebecbd69580,2,RNMD126MFT+E/2AEO,Piano de cuisson LOFRA DOLCE VITA 120cm Noir Laiton Mixte 2 fours RNMD126MFT+E/2AEO,657c7f787490392a73929577,657c7ba89460601333bb331a,0
658306e689709ebecbd69582,3,RNMD156MFT+MFT/AEOV,Piano de cuisson LOFRA DOLCEVITA 150cm Noir Laiton Mixte 2 fours RNMD156MFT+MFT/AEOV,657c7f787490392a73929577,657c7ba89460601333bb331a,0
658306e689709ebecbd69584,6,RNMD96MFTE/5I,Piano de cuisson LOFRA DOLCEVITA 90cm Noir laiton Induction  RNMD96MFTE/5I,657c7f787490392a73929577,657c7ba89460601333bb331a,0
658306e689709ebecbd6958b,1,RNMUD76MFTE/4I,Piano de cuisson LOFRA DOLCEVITA 70cm Induction laiton RNMUD76MFTE/4I,657c7f787490392a73929577,657c7ba89460601333bb331a,0
658306e689709ebecbd6958d,2,RSG96MFT/CI,Piano de cuisson LOFRA DOLCEVITA 90cm INOX Laiton Mixte,657c7f787490392a73929577,657c7ba89460601333bb331a,0
658306e689709ebecbd6958f,1,RNMUD76MFTE/CIB,Piano de cuisson LOFRA DOLCEVITA 70cm Noir Bronze Mixte RNMUD76MFTE/CI,657c7f787490392a73929577,657c7ba89460601333bb331a,0
658306e689709ebecbd69591,1,RSUD76MFTE/CIC,Piano de cuisson LOFRA DOLCEVITA 70cm Inox chrome Mixte RSUD76MFTE/CIC,657c7f787490392a73929577,657c7ba89460601333bb331a,0
658306e689709ebecbd69593,6,SPLASHBACK90LOFRAINOXB,Crédence Lofra DOLCEVITA 90cm Inox Bronze SPLASHBACK90LOFRAINOXB,657c7f787490392a73929577,657c7ba89460601333bb331a,0
658306e689709ebecbd69595,1,WTN85200FF,Sèche Linge BOSCH 7K WTN85200FF,657c7f787490392a73929577,657c7ba89460601333bb331a,0
658306e689709ebecbd69597,7,03190116,Gril plancha Lofra 03190116,657c7f787490392a73929577,657c7ba89460601333bb331a,0
658306e689709ebecbd69599,1,21500204,Couvercle en verre trempé inox Lofra 90x50 cm,657c7f787490392a73929577,657c7ba89460601333bb331a,0
658306e689709ebecbd6959b,2,21500231,Couvercle en verre trempé inox Lofra 70x60 cm,657c7f787490392a73929577,657c7ba89460601333bb331a,0
658306e689709ebecbd695a1,3,FALHDC90BC,Hotte décorative FALCON 90cm avec barre Noir Chrome FALHDC90BC,657c7f787490392a73929577,657c7ba89460601333bb331a,0
658306e689709ebecbd695a6,2,HOTTEDOLCEVITA120INOX,Hotte décorative murale Lofra DOLCEVITA 120cm Inox laiton HOTTEDOLCEVITA120INOX,657c7f787490392a73929577,657c7ba89460601333bb331a,0
658306e689709ebecbd695aa,3,HOTTEDOLCEVITA90NOIRMATBRONZE,Hotte décorative murale LOFRA DOLCEVITA 90 NOIR MAT Bronze HOTTEDOLCEVITA90NOIRMATBRONZE,657c7f787490392a73929577,657c7ba89460601333bb331a,0
658306e689709ebecbd695ac,1,KSE900CHXE,Hotte décorative murale 90cm SMEG KSE900CHXE  Hotte décorative murale 90cm SMEG Inox KSE900CHXE,657c7f787490392a73929577,657c7ba89460601333bb331a,0
658306e689709ebecbd695b0,1,PCRED100GLNOIR,Crédence Stoves en verre 100 cm Noir PCRED100GLNOIR,657c7f787490392a73929577,657c7ba89460601333bb331a,0
658306e689709ebecbd695b4,1,PRICHDX100DFBL,Piano de cuisson STOVES Richmond Deluxe 100cm Mixte Noir PRICHDX100DFBL,657c7f787490392a73929577,657c7ba89460601333bb331a,0
658306e689709ebecbd695b6,1,PNMG96MFT/C,Piano de cuisson Lofra Rainbow 90cm Mixte 1 Four Electrique (Couleur : Noir mat),657c7f787490392a73929577,657c7ba89460601333bb331a,0
658306e689709ebecbd695c3,3,SI2641D,Table de cuisson induction 60cm noir SMEG SI2641D,657c7f787490392a73929577,657c7ba89460601333bb331a,0
658306e689709ebecbd695cb,1,UNBSP100BL/,Crédence Falcon 100 cm noir,657c7f787490392a73929577,657c7ba89460601333bb331a,0
658306e689709ebecbd695cd,2,03190237,Plaque Tappanyaki Lofra Induction - Accessoire Plaque DIONE,657c7f787490392a73929577,657c7ba89460601333bb331a,0
658306e689709ebecbd695cf,1,03248,Mitigeur BRADANO 03248,657c7f787490392a73929577,657c7ba89460601333bb331a,0
658306e689709ebecbd695d1,1,150300EQ376,Hotte décorative FALCON FALHDC100CR/C Crème Chrome,657c7f787490392a73929577,657c7ba89460601333bb331a,0
658306e689709ebecbd695d3,1,150300EQ378,Hotte décorative FALCON LEIHDC110CR/C Crème Chrome,657c7f787490392a73929577,657c7ba89460601333bb331a,0
658306e689709ebecbd695d5,1,21500201,Couvercle en verre trempé inox Lofra 70x50 cm,657c7f787490392a73929577,657c7ba89460601333bb331a,0
658306e689709ebecbd695d9,2,21503024,Crédence Lofra PROFESSIONAL 120cm inox 21503024,657c7f787490392a73929577,657c7ba89460601333bb331a,0
658306e689709ebecbd695db,1,21503065DOORKIT,Porte  de Lave vaisselle Lofra DOLCEVITA Rouge laiton  21503065,657c7f787490392a73929577,657c7ba89460601333bb331a,0
658306e689709ebecbd695e5,1,21503230DOORKIT,"Kit de porte lave-vaisselle Lofra DOLCEVITA (Couleur : Noir, Finition : Bronze)",657c7f787490392a73929577,657c7ba89460601333bb331a,0
658306e689709ebecbd695e7,3,21503106DOORKIT,"Kit de porte lave-vaisselle Lofra DOLCEVITA (Couleur : Noir, Finition : Laiton)",657c7f787490392a73929577,657c7ba89460601333bb331a,0
658306e689709ebecbd695e9,2,3170296,Plaque chauffante Lofra TEPPANYAKI,657c7f787490392a73929577,657c7ba89460601333bb331a,0
658306e689709ebecbd695eb,1,AHP975IX,Hotte décorative murale pyramidale  AIRLUX 90cm (Couleur : Inox),657c7f787490392a73929577,657c7ba89460601333bb331a,0
658306e689709ebecbd695fa,5,B95IMAN9,Piano de cuisson 90cm anthracite SMEG B95IMAN9,657c7f787490392a73929577,657c7ba89460601333bb331a,0
658306e689709ebecbd695fc,1,ASG96WMFT/AEO,"Piano de cuisson Lofra ITALIA 90 cm mixte (Couleur : Inox, Type de four : Électrique)",657c7f787490392a73929577,657c7ba89460601333bb331a,0
658306e689709ebecbd695fe,5,C91IEA9,Piano de cuisson SMEG Sinfonia 90 cm Induction (Couleur : Gris Anthracite),657c7f787490392a73929577,657c7ba89460601333bb331a,0
658306e689709ebecbd69600,3,C9GMMB2,Piano de cuisson 90cm noir Sinfonia SMEG C9GMMB2,657c7f787490392a73929577,657c7ba89460601333bb331a,0
658306e689709ebecbd69602,8,CDL110DFBL/B-EU,"Piano de cuisson Falcon CLASSIC DELUXE 110cm Mixte (Finition : Laiton, Couleur : Noir)",657c7f787490392a73929577,657c7ba89460601333bb331a,0
658306e689709ebecbd69605,1,CDL110DFCB/C-EU,Piano de cuisson FALCON Classic Deluxe 110 Charbon mat satiné chrome mixte  CDL110DFCB/C-EU,657c7f787490392a73929577,657c7ba89460601333bb331a,0
658306e689709ebecbd69607,1,CDL110DFSL/B-EU,Piano de cuisso FALCON Classic  Deluxe 110 gris ardoise laiton CDL110DFSL/B-EU,657c7f787490392a73929577,657c7ba89460601333bb331a,0
658306e689709ebecbd6961f,1,CDL90DFRG/C-EU,Piano de cuisson FALCON Classic Deluxe 90 vert anglais chrome mixte CDL90DFRG/C-EU,657c7f787490392a73929577,657c7ba89460601333bb331a,0
658306e689709ebecbd69621,1,CDL90DFRB/B-EU,Piano de cuisson FALCON Classic Deluxe 90 Mixte Bleu roi Laiton CDL90DFRB/B-EU,657c7f787490392a73929577,657c7ba89460601333bb331a,0
658306e689709ebecbd69623,1,CFE110DFBL/N,Piano de cuisson La Cornue CORNUFÉ 110cm  (Couleur : Noir Brillant),657c7f787490392a73929577,657c7ba89460601333bb331a,0
658306e689709ebecbd69625,11,CG90X2,Piano de cuisson SMEG Concerto 90 cm Mixte Inox,657c7f787490392a73929577,657c7ba89460601333bb331a,0
658306e689709ebecbd69627,1,COUVERCLELOFRA21500204,Couvercle en verre trempé inox Lofra 90x50 cm,657c7f787490392a73929577,657c7ba89460601333bb331a,0
658306e689709ebecbd69629,1,CO96GMA9,Piano de cuisson 90cm Coloniale Anthracite  SMEG,657c7f787490392a73929577,657c7ba89460601333bb331a,0
658306e689709ebecbd6962b,1,CPF120IGMPX,Piano de cuisson SMEG CPF120IGMPX 120cm Mixte inox,657c7f787490392a73929577,657c7ba89460601333bb331a,0
658306e689709ebecbd6962d,2,CR570,Support wok GLEM AIRLUX CR570,657c7f787490392a73929577,657c7ba89460601333bb331a,0
658306e689709ebecbd69633,1,ELA110DFCY/-EU,Piano de cuisson FALCON Elan Deluxe 110 rouge airelle mixte ELA110DFCY/-EU,657c7f787490392a73929577,657c7ba89460601333bb331a,0
658306e689709ebecbd69635,1,F900SDFSS/CM-EU,Piano de cuisson FALCON PKR 900S inox mixte F900SDFSS/CM-EU,657c7f787490392a73929577,657c7ba89460601333bb331a,0
658306e689709ebecbd69637,1,FAI2527,Domino induction 29cm FAGOR FAI2527,657c7f787490392a73929577,657c7ba89460601333bb331a,0
658306e689709ebecbd69639,1,FALHDC110BB,"Hotte décorative murale Falcon CLASSIC 110cm avec barre (Finition : Laiton, Couleur : Noir)",657c7f787490392a73929577,657c7ba89460601333bb331a,0
658306e689709ebecbd6963d,1,FALHDCP110BB/-EU,"Hotte décorative murale Falcon PLUS 110cm sans barre (Finition : Laiton, Couleur : Noir)",657c7f787490392a73929577,657c7ba89460601333bb331a,0
658306e689709ebecbd6963f,3,FALHDCP110BC/-EU,"Hotte décorative murale Falcon PLUS 110cm sans barre (Finition : Chrome, Couleur : Noir)",657c7f787490392a73929577,657c7ba89460601333bb331a,0
658306e689709ebecbd69641,1,FALSP100SS,Crédence inox 100cm FALCON,657c7f787490392a73929577,657c7ba89460601333bb331a,0
658306e689709ebecbd69643,8,FALSP110SS,Crédence Falcon 110 cm Inox,657c7f787490392a73929577,657c7ba89460601333bb331a,0
658306e689709ebecbd69646,1,FHDSE1092SL/N,Hotte décorative Falcon PKR SUPER EXTRACT 110 Gris ardoise FHDSE1092SL/N,657c7f787490392a73929577,657c7ba89460601333bb331a,0
658306e689709ebecbd69648,1,FILTRESIRIUS,Filtre à charbon actif LA CORNUE,657c7f787490392a73929577,657c7ba89460601333bb331a,0
658306e689709ebecbd6964a,1,FMRNM66ME,Four micro-ondes encastrable Lofra DOLCEVITA Noir Laiton FMRNM66ME,657c7f787490392a73929577,657c7ba89460601333bb331a,0
658306e689709ebecbd69658,3,EXT5ANSPIANO INDUC,Extension de garantie 5 ans piano de cuisson Induction,657c7f787490392a73929577,657c7ba89460601333bb331a,0
658306e689709ebecbd6965a,1,ESP110DFBL/C-EU,Piano de cuisson FALCON Esprit  110 CM  noir ESP110DFBL/C-EU,657c7f787490392a73929577,657c7ba89460601333bb331a,0
658306e689709ebecbd6965c,9,EXTGARANTIE7,Ajouter l'extension de garantie 5 ans,657c7f787490392a73929577,657c7ba89460601333bb331a,0
658306e689709ebecbd6965e,5,EXTGARANTIE6,Ajouter l'extension de garantie 5 ans,657c7f787490392a73929577,657c7ba89460601333bb331a,0
658306e689709ebecbd69660,1,FMRR66ME,Four micro-ondes encastrable Lofra DOLCEVITA 60cm Rouge Bordeaux FMRR66ME,657c7f787490392a73929577,657c7ba89460601333bb331a,0
658306e689709ebecbd69662,1,FMRS66ME/B,"Four micro-ondes encastrable Lofra DOLCEVITA 60cm (Couleur : Inox, Finition : Bronze)",657c7f787490392a73929577,657c7ba89460601333bb331a,0
658306e689709ebecbd69679,1,FRNM66GE,Four encastrable gaz Lofra DOLCEVITA 60 cm (Couleur : Noir mat),657c7f787490392a73929577,657c7ba89460601333bb331a,0
658306e689709ebecbd6967b,1,FRS69EE CHROME,"Four encastrable électrique Lofra DOLCEVITA 60 cm (Couleur : Inox, Finition : Chrome)",657c7f787490392a73929577,657c7ba89460601333bb331a,0
658306e689709ebecbd69680,1,HRNM6G0,Plaque de cuisson Lofra DOLCEVITA 60cm (Couleur : Noir mat),657c7f787490392a73929577,657c7ba89460601333bb331a,0
658306e689709ebecbd69682,5,FSXS21SS/C,Réfrigérateur américain 4 portes Falcon FSXS21 (Couleur : Inox),657c7f787490392a73929577,657c7ba89460601333bb331a,0
658306e689709ebecbd69685,1,GE960CVBK2,Piano de cuisson GLEM 90cm noir GE960CVBK2,657c7f787490392a73929577,657c7ba89460601333bb331a,0
658306e689709ebecbd69687,1,GE960CVIX2,Piano de cuisson Glem 90cm Mixte (Couleur : Inox),657c7f787490392a73929577,657c7ba89460601333bb331a,0
658306e689709ebecbd69689,1,GFRNM619B,Réfrigérateur américain Lofra DOLCEVITA Noir Bronze GFRNM619B,657c7f787490392a73929577,657c7ba89460601333bb331a,0
658306e689709ebecbd6968b,1,GHB972IX,Hotte décorative murale GLEM 90 cm Inox GHB972IX,657c7f787490392a73929577,657c7ba89460601333bb331a,0
658306e689709ebecbd6968e,2,GU960CMR2,Piano de cuisson GLEM GU960CMR2,657c7f787490392a73929577,657c7ba89460601333bb331a,0
658306e689709ebecbd6969c,8,HOTPYR110NOIR,Hotte décorative murale STOVES HOTPYR110NOIR,657c7f787490392a73929577,657c7ba89460601333bb331a,0
658306e689709ebecbd6969e,1,HOTTEDOLCEVITA120BURGUNDY,"Hotte décorative murale Lofra DOLCEVITA 120cm (Finition : Laiton, Couleur : Rouge bordeaux)",657c7f787490392a73929577,657c7ba89460601333bb331a,0
658306e689709ebecbd696a1,2,HOTTEDOLCEVITA150BLACKMATT,Hotte décorative murale Lofra DOLCEVITA 150cm Noir Laiton,657c7f787490392a73929577,657c7ba89460601333bb331a,0
658306e689709ebecbd696a3,1,HOTTEDOLCEVITA150BLACKMATTC,Hotte décorative murale Lofra DOLCEVITA 150cm Noir Chrome HOTTEDOLCEVITA150BLACKMATTC,657c7f787490392a73929577,657c7ba89460601333bb331a,0
658306e689709ebecbd696a5,1,HOTTEDOLCEVITA90INOX,Hotte décorative murale Lofra DOLCEVITA 90cm Inox Laiton  HOTTEDOLCEVITA90INOX,657c7f787490392a73929577,657c7ba89460601333bb331a,0
658306e689709ebecbd696a7,1,HOTTEDOLCEVITA90INOXB,Hotte décorative murale Lofra DOLCEVITA 90cm Inox Bronze  HOTTEDOLCEVITA90INOXB,657c7f787490392a73929577,657c7ba89460601333bb331a,0
658306e689709ebecbd696a9,1,HOTTEDOLCEVITA90INOXCHROME,Hotte décorative murale Lofra DOLCEVITA 90cm Inox Chrome,657c7f787490392a73929577,657c7ba89460601333bb331a,0
658306e689709ebecbd696ab,1,F1092DXDFFN/NM-EU,Piano de cuisson FALCON PKR 110 DELUXE FauveNickel grilles mattes mixte F1092DXDFFN/NM-EU,657c7f787490392a73929577,657c7ba89460601333bb331a,0
658306e689709ebecbd696ad,10,KD91XE2,Hotte décorative murale 90cm SMEG KD91XE2,657c7f787490392a73929577,657c7ba89460601333bb331a,0
658306e689709ebecbd696af,1,KDC91XE2,Hotte décorative murale 90cm SMEG KDC91XE2,657c7f787490392a73929577,657c7ba89460601333bb331a,0
658306e689709ebecbd696b1,2,KSED95COA,Hotte décorative murale Coloniale Anthracite 90cm SMEG KSED95COA,657c7f787490392a73929577,657c7ba89460601333bb331a,0
658306e689709ebecbd696b3,1,KT90BLE,Hotte murale SMEG KT90BLE,657c7f787490392a73929577,657c7ba89460601333bb331a,0
658306e689709ebecbd696b5,1,kt90pe,Hotte SMEG victoria 90 creme kt90pe,657c7f787490392a73929577,657c7ba89460601333bb331a,0
658306e689709ebecbd696b7,1,LEIHDC100BC/-EU,Hotte décorative murale Falcon CLASSIC 100 cm sans barre (Couleur : Noir),657c7f787490392a73929577,657c7ba89460601333bb331a,0
658306e689709ebecbd696b9,3,LEIHDC110BB/-EU,"Hotte décorative murale Falcon CLASSIC 110cm sans barre (Couleur : Noir, Finition : Laiton)",657c7f787490392a73929577,657c7ba89460601333bb331a,0
658306e689709ebecbd696bb,2,LEIHDC110SL/C-EU,Hotte décorative murale Falcon CLASSIC 110cm sans barre Gris Ardoise - Chrome LEIHDC110SL/C-EU,657c7f787490392a73929577,657c7ba89460601333bb331a,0
658306e689709ebecbd696bd,1,LEIHDC90SL/C-EU,Hotte décorative Falcon CLASSIC 90cm sans barre (Couleur : Gris ardoise),657c7f787490392a73929577,657c7ba89460601333bb331a,0
658306e689709ebecbd696bf,1,MCY1200EIMB/-EU,Piano de cuisson FALCON Piano Mercury 120 cm Dessus induction  Noir cendré MCY1200EIMB/-EU,657c7f787490392a73929577,657c7ba89460601333bb331a,0
658306e689709ebecbd696c2,1,NEX110SODFSL/C-EU,Piano de cuisson FALCON Nexus Steam110 CM Gris Ardoise chrome mixte NEX110SODFSL/C-EU,657c7f787490392a73929577,657c7ba89460601333bb331a,0
658306e689709ebecbd696c4,1,NEXSE110DFIV/C-EU,Piano de cuisson FALCON Nexus SE 110 CM Ivoire chrome mixte NEXSE110DFIV/C-EU,657c7f787490392a73929577,657c7ba89460601333bb331a,0
658306e689709ebecbd696e0,1,OCM8464A,Four micro-ondes 45cm noir ASKO OCM8464A,657c7f787490392a73929577,657c7ba89460601333bb331a,0
658306e689709ebecbd696e2,1,OCSM8478G,Four combiné 45cm verre noir ASKO  OCSM8478G,657c7f787490392a73929577,657c7ba89460601333bb331a,0
658306e689709ebecbd696e4,2,P038240,Plancha FALCON Plancha lisse et plate,657c7f787490392a73929577,657c7ba89460601333bb331a,0
658306e689709ebecbd696e6,4,P052872,Plancha lisse FALCON P052872,657c7f787490392a73929577,657c7ba89460601333bb331a,0
658306e689709ebecbd696e8,2,P098259,Plancha FALCON Moitié nervuré moitié lisse P098259,657c7f787490392a73929577,657c7ba89460601333bb331a,0
658306e689709ebecbd696eb,3,HOTTEDOLCEVITA90IVOIRE,Hotte décorative murale Lofra DOLCEVITA 90cm Ivoire Laiton HOTTEDOLCEVITA90IVOIRE,657c7f787490392a73929577,657c7ba89460601333bb331a,0
658306e689709ebecbd69714,5,PCRED110NOIR,Crédence STOVES 110cm noir PCRED110NOIR,657c7f787490392a73929577,657c7ba89460601333bb331a,0
658306e689709ebecbd69717,5,PCRED90NOIR,Crédence STOVES 90cm noir PCRED90NOIR,657c7f787490392a73929577,657c7ba89460601333bb331a,0
658306e689709ebecbd69719,1,PD126GV+E/2Ci,Piano de cuisson LOFRA PROFESSIONAL 120cm Inox  PD126GV+E/2Ci,657c7f787490392a73929577,657c7ba89460601333bb331a,0
658306e689709ebecbd6971b,1,PDL90DFSS/C-EU,Piano de cuisson Falcon PROFESSIONAL DELUXE 90cm mixte (Couleur : Inox),657c7f787490392a73929577,657c7ba89460601333bb331a,0
658306e689709ebecbd6971d,1,PG96MFT/CISF,Piano de cuisson Lofra PROFESSIONAL 90 cm mixte,657c7f787490392a73929577,657c7ba89460601333bb331a,0
658306e689709ebecbd6971f,2,PRICH60EIBLUK,Piano de cuisson 60 cm STOVES Richmond Induction (Couleur : Noir),657c7f787490392a73929577,657c7ba89460601333bb331a,0
658306e689709ebecbd69721,4,PHOT90NOIR,Hotte décorative Quadrifoglio 90 cm murale  Noir PHOT90 noir,657c7f787490392a73929577,657c7ba89460601333bb331a,0
658306e689709ebecbd69725,9,PLINTHELOFRADOLCEVITA60,Plinthe pour Lofra 60cm 10020369 - Hauteur : 135,657c7f787490392a73929577,657c7ba89460601333bb331a,0
658306e689709ebecbd69727,1,PNM126SMFET+DMFT/2AEO,Piano de cuisson Lofra PROFESSIONAL 120cm Mixte 3 Fours Électrique (Couleur : Noir mat),657c7f787490392a73929577,657c7ba89460601333bb331a,0
658306e689709ebecbd69729,1,PPRECIDX110EIBL,Piano de cuisson STOVES Precision Deluxe 110 EI noir PPRECIDX110EIBL,657c7f787490392a73929577,657c7ba89460601333bb331a,0
658306e689709ebecbd6972b,2,PPRECIDX90EIBL,Piano de cuisson STOVES 90CM INDUC NOIR PPRECIDX90EIBL,657c7f787490392a73929577,657c7ba89460601333bb331a,0
658306e689709ebecbd6972d,3,PRICH60EIJALUK,Piano de cuisson 60 cm STOVES Richmond Induction (Couleur : Rouge),657c7f787490392a73929577,657c7ba89460601333bb331a,0
658306e689709ebecbd6972f,3,PRICHDX110DFBL,Piano de cuisson STOVES Richmond Deluxe 110 DFT noir mixte PRICHDX110DFBL,657c7f787490392a73929577,657c7ba89460601333bb331a,0
658306e689709ebecbd69731,1,PRICHDX110DFIWH,Piano de cuisson Stoves RICHMOND DELUXE 110cm Mixte (Couleur : Blanc),657c7f787490392a73929577,657c7ba89460601333bb331a,0
658306e689709ebecbd69733,2,PRICHDX110EIBL,Piano de cuisson STOVES Richmond Deluxe 110cm Induction Noir PRICHDX110EIBL,657c7f787490392a73929577,657c7ba89460601333bb331a,0
658306e689709ebecbd69735,1,PRICHDX90DFBL,Piano de cuisson STOVES Richmond Deluxe 90cm Noir Mixte PRICHDX90DFBL,657c7f787490392a73929577,657c7ba89460601333bb331a,0
658306e689709ebecbd69737,1,PRICHDX90DFIWH,Piano de cuisson Stoves Richmond Deluxe 90 mixte blanc PRICHDX90DFIWH,657c7f787490392a73929577,657c7ba89460601333bb331a,0
658306e689709ebecbd6973b,1,PRICHS110EIBL,Piano de cuisson STOVES Richmond S 110 EI noir induction PRICHS110EIBL,657c7f787490392a73929577,657c7ba89460601333bb331a,0
658306e689709ebecbd6973d,4,PRICHS90EIBL,Piano de cuisson STOVES Richmond S 90cm induction Noir PRICHS90EIBL,657c7f787490392a73929577,657c7ba89460601333bb331a,0
658306e689709ebecbd6975b,1,PROP90FXEISS/C-EU,Piano de cuisson FALCON ProfessionalPlus FX 90  inox induction PROP90FXEISS/C-EU,657c7f787490392a73929577,657c7ba89460601333bb331a,0
658306e689709ebecbd6975d,7,PSTER60EISSUK,Piano de cuisson 60 cm STOVES Sterling Induction (Couleur : Inox),657c7f787490392a73929577,657c7ba89460601333bb331a,0
658306e689709ebecbd6975f,1,PSTERDX90EIBL,Piano de cuisson STOVES Sterling Deluxe 90 EI noir induction PSTERDX90EIBL,657c7f787490392a73929577,657c7ba89460601333bb331a,0
658306e689709ebecbd69763,1,RBID156MFT+MFT/AEOV,Piano de cuisson LOFRA DOLCEVITA 150cm Ivoire Laiton Mixte 2 fours RBID156MFT+MFT/AEOV,657c7f787490392a73929577,657c7ba89460601333bb331a,0
658306e689709ebecbd69765,1,RBIG96GVGT/CIB,Piano de cuisson LOFRA DOLCE VITA 90cm Ivoire Bronze Gaz RBIG96GVGT/CIB,657c7f787490392a73929577,657c7ba89460601333bb331a,0
658306e689709ebecbd69767,1,RICHDX110EITBL/EXPO,Piano de cuisson STOVES induction Touch four digital noir RICHDX110EITBL,657c7f787490392a73929577,657c7ba89460601333bb331a,0
658306e689709ebecbd69769,1,RLVG96MFT/CIC,Piano de cuisson LOFRA DOLCEVITA 90cm mixte lavande chrome RLVG96MFT/CI,657c7f787490392a73929577,657c7ba89460601333bb331a,0
658306e689709ebecbd6976b,2,RNM126SMFET+MFT/2AEO,"Piano de cuisson Lofra DOLCEVITA 120cm Mixte 3 fours (Finition : Laiton, Couleur : Noir mat)",657c7f787490392a73929577,657c7ba89460601333bb331a,0
658306e689709ebecbd6976d,1,RNM126SMFET+MFT/2AEOC,"Piano de cuisson Lofra DOLCEVITA 120cm Mixte 3 fours (Couleur : Noir mat, Finition : Chrome)",657c7f787490392a73929577,657c7ba89460601333bb331a,0
658306e689709ebecbd6976f,1,RNM66MFT/4I,Piano de cuisson LOFRA DOLCEVITA 60cm induction noir laiton RNM66MFT/4I,657c7f787490392a73929577,657c7ba89460601333bb331a,0
658306e689709ebecbd69772,1,RNMD126MFT+E/2AEOC,Piano de cuisson LOFRA DOLCE VITA 120cm Noir Chrome  Mixte 2 fours RNMD126MFT+E/2AEOC,657c7f787490392a73929577,657c7ba89460601333bb331a,0
658306e689709ebecbd69778,1,RNMD96MFTE/5IB,Piano de cuisson LOFRA DOLCEVITA 90cm Noir Bronze Induction  RNMD96MFTE/5IB,657c7f787490392a73929577,657c7ba89460601333bb331a,0
658306e689709ebecbd6977a,1,RNMD96MFTE/Ci Laiton,"Piano de cuisson Lofra DOLCEVITA 90cm Mixte 2 fours (Finition : Laiton, Type de four : Électrique, C",657c7f787490392a73929577,657c7ba89460601333bb331a,0
658306e689709ebecbd6977d,1,RNMG96MFT/5I,Piano de cuisson LOFRA DOLCEVITA 90cm Noir Laiton Induction RNMG96MFT/5i,657c7f787490392a73929577,657c7ba89460601333bb331a,0
658306e689709ebecbd6977f,3,RNMG96MFT/5IC,Piano de cuisson LOFRA DOLCEVITA 90cm Noir Chrome Induction RNMG96MFT/5i,657c7f787490392a73929577,657c7ba89460601333bb331a,0
658306e689709ebecbd69783,1,RBPG96MFT/CiB,"Piano de cuisson Lofra DOLCEVITA 90cm Mixte (Type de four : Électrique, Finition : Bronze, Couleur :",657c7f787490392a73929577,657c7ba89460601333bb331a,0
658306e689709ebecbd69786,1,RNMT116MFET+SMFT/2AEO,Piano de cuisson Lofra DOLCEVITA 110 cm Noir laiton  Mixte RNMT116MFET+SMFT/2AEO,657c7f787490392a73929577,657c7ba89460601333bb331a,0
658306e689709ebecbd69788,1,RRD96MFTE/CI,Piano de cuisson LOFRA DOLCEVITA 90cm rouge laiton Mixte RRD96MFTE/Ci,657c7f787490392a73929577,657c7ba89460601333bb331a,0
658306e689709ebecbd6978a,1,RSD126MFT+E/2AEO,Piano de cuisson LOFRA DOLCE VITA 120cm Inox Laiton Mixte 2 fours RSD126MFT+E/2AEO,657c7f787490392a73929577,657c7ba89460601333bb331a,0
658306e689709ebecbd6978c,1,RSD96GVGTE/CI,Piano de cuisson LOFRA DOLCEVITA 90cm inox laiton mixte 1 four gaz RSD96GVGTE/CI,657c7f787490392a73929577,657c7ba89460601333bb331a,0
658306e689709ebecbd69761,1,RAINBOW90REDBURGUNDY,Hotte aspirante Lofra RAINBOW 90 cm (Couleur : Rouge bordeaux),657c7f787490392a73929577,657c7ba89460601333bb331a,0
658306e689709ebecbd69775,1,RNMD96GVGTE/Ci Chrome,"Piano de cuisson Lofra DOLCEVITA 90cm Mixte 2 fours (Type de four : Gaz, Finition : Chrome, Couleur",657c7f787490392a73929577,657c7ba89460601333bb331a,0
658306e689709ebecbd697e6,1,PBP76GVT/C,"Piano de cuisson Lofra RAINBOW 70 cm mixte (Couleur : Blanc, Type de four : Gaz)",657c7f787490392a73929577,657c7ba89460601333bb331a,0
658306e689709ebecbd697e9,4,S3C090P,Réfrigérateur 1 porte encastrable SMEG,657c7f787490392a73929577,657c7ba89460601333bb331a,0
658306e689709ebecbd697eb,5,SCD90IMX9-1,Piano de cuisson SMEG 90 cm induction inox,657c7f787490392a73929577,657c7ba89460601333bb331a,0
658306e689709ebecbd697ed,1,SCD91CMX9,Piano de cuisson vitro 90cm inox SMEG SCD91CMX9,657c7f787490392a73929577,657c7ba89460601333bb331a,0
658306e689709ebecbd697ef,1,SI1M7733B,Table de cuisson induction 70cm noir SMEG SI1M7733B,657c7f787490392a73929577,657c7ba89460601333bb331a,0
658306e689709ebecbd697f2,4,PCRED110INOX,Crédence STOVES 110cm inox PCRED110INOX,657c7f787490392a73929577,657c7ba89460601333bb331a,0
658306e689709ebecbd697f4,1,RSG96MFT/5I,"Piano de cuisson Lofra DOLCEVITA 90cm Induction (Couleur : Inox, Finition : Laiton)",657c7f787490392a73929577,657c7ba89460601333bb331a,0
658306e689709ebecbd697fc,2,SPLASHBACK120LOFRAINOX,Crédence Lofra DOLCEVITA 120cm Inox laiton SPLASHBACK120LOFRAINOX,657c7f787490392a73929577,657c7ba89460601333bb331a,0
658306e689709ebecbd697fe,1,SPLASHBACK150LOFRA,Credence LOFRA DOLCEVITA INOX  laiton 150cm SPLASHBACK150LOFRA,657c7f787490392a73929577,657c7ba89460601333bb331a,0
658306e689709ebecbd69800,1,SPLASHBACK150LOFRAB,Credence LOFRA DOLCEVITA INOX  Bronze 150cm SPLASHBACK150LOFRAB,657c7f787490392a73929577,657c7ba89460601333bb331a,0
658306e689709ebecbd69802,1,SPLASHBACK60LOFRACHROME,Crédence Lofra DOLCEVITA 60cm Chrome SPLASHBACK60LOFRACHROME,657c7f787490392a73929577,657c7ba89460601333bb331a,0
658306e689709ebecbd69805,40,TABLIERCFBLACK,Tablier Cuisines & Fourneaux Vintage Noir,657c7f787490392a73929577,657c7ba89460601333bb331a,0
658306e689709ebecbd69807,2,UNBHDS110BL/,Hotte plate Falcon 110 cm (Couleur : Noir) UNBHDS110BL,657c7f787490392a73929577,657c7ba89460601333bb331a,0
658306e689709ebecbd6980a,3,TPKTR,Plancha Teppanyaki Victoria SMEG TPKTR,657c7f787490392a73929577,657c7ba89460601333bb331a,0
658306e689709ebecbd6980d,7,TR62BL,Piano de cuisson SMEG TR62BL Noir Mixte 60cm,657c7f787490392a73929577,657c7ba89460601333bb331a,0
658306e689709ebecbd6980f,1,TR62IBL2,Cuisinière Smeg TR62I VICTORIA 60cm Induction (Couleur : Noir),657c7f787490392a73929577,657c7ba89460601333bb331a,0
658306e689709ebecbd69811,1,TR93BL,Piano de cuisson SMEG victoria 90cm Noir TR93BL,657c7f787490392a73929577,657c7ba89460601333bb331a,0
658306e689709ebecbd69813,1,TR93GR,Piano de cuisson 90cm SMEG Gris TR93GR,657c7f787490392a73929577,657c7ba89460601333bb331a,0
658306e689709ebecbd69815,1,TR93IP2,Piano de cuisson crème 90cm SMEG TR93IP2,657c7f787490392a73929577,657c7ba89460601333bb331a,0
658306e689709ebecbd69817,1,tr93p,Cuisiniere SMEG victoria 90 creme tr93p,657c7f787490392a73929577,657c7ba89460601333bb331a,0
658306e689709ebecbd69819,1,TSF02BLEU,Grille pain noir SMEG TSF02BLEU,657c7f787490392a73929577,657c7ba89460601333bb331a,0
658306e689709ebecbd6981b,1,UNBHDS110SS,Hotte décorative plate FALCON UNBHDS110SS,657c7f787490392a73929577,657c7ba89460601333bb331a,0
658306e689709ebecbd6981d,1,UNBHDS90SS,Hotte plate Inox Falcon 90 cm FALCON,657c7f787490392a73929577,657c7ba89460601333bb331a,0
658306e689709ebecbd69820,4,UNBSP90BL/,Crédence Falcon 90 cm noir,657c7f787490392a73929577,657c7ba89460601333bb331a,0
658306e689709ebecbd69822,1,VERSNRS1420,Hotte décorative murale Falmec VERSNRS1420,657c7f787490392a73929577,657c7ba89460601333bb331a,0
658306e689709ebecbd69825,1,WSS6700,Kit Sommelier MIELE WSS6700,657c7f787490392a73929577,657c7ba89460601333bb331a,0
658306e689709ebecbd69827,1,YRNM66T,Machine à café encastrable Lofra Noir YRNM66T,657c7f787490392a73929577,657c7ba89460601333bb331a,0
658306e689709ebecbd69829,1,ZBRNM24T,Cave à vin encastrable Lofra DOLCEVITA 24 bouteilles (Couleur : Noir mat),657c7f787490392a73929577,657c7ba89460601333bb331a,0
658306e689709ebecbd6982b,1,ZBRNM36T,Cave à vin encastrable Lofra DOLCEVITA 36 bouteilles ZBRNM36T,657c7f787490392a73929577,657c7ba89460601333bb331a,0
658306e689709ebecbd6982d,1,00524274,Cuve BLANCO 00524274,657c7f787490392a73929577,657c7ba89460601333bb331a,0
658306e689709ebecbd69846,1,150300EEN77,Hottes décorative ELECTROLUX EFF90462OX,657c7f787490392a73929577,657c7ba89460601333bb331a,0
658306e689709ebecbd69848,1,2012.41,Mandoline REVOLUTION MASTER DeBuyer 2012.41,657c7f787490392a73929577,657c7ba89460601333bb331a,0
658306e689709ebecbd6984a,1,21503105DOORKIT,Porte  de Lave vaisselle Lofra DOLCEVITA IVOIRE Laiton 21503105,657c7f787490392a73929577,657c7ba89460601333bb331a,0
658306e689709ebecbd6984c,1,27ART10AKPL.EAUW,Ecran tactile led sur pied mobile LG 27ART10AKPL.EAUW,657c7f787490392a73929577,657c7ba89460601333bb331a,0
658306e689709ebecbd6984e,1,3358.02,Poche à douille automatique et accessoires LE TUBE PRO DeBuyer 3358.02,657c7f787490392a73929577,657c7ba89460601333bb331a,0
658306e689709ebecbd69850,1,RSD96MFTE/5IB,"Piano de cuisson Lofra DOLCEVITA 90cm Induction 2 fours (Couleur : Inox, Finition : Bronze)",657c7f787490392a73929577,657c7ba89460601333bb331a,0
658306e689709ebecbd69852,1,RSD96MFTE/CI,Piano de cuisson LOFRA DOLCEVITA 90cm inox Mixte 2 fours RSD96MFTE/CI,657c7f787490392a73929577,657c7ba89460601333bb331a,0
658306e689709ebecbd69854,1,3601.14,Casserole Ø14CM alchimy  DE BUYER 3601.14,657c7f787490392a73929577,657c7ba89460601333bb331a,0
658306e689709ebecbd69863,4,36LGR,Réducteur de grille LACANCHE 36LGR,657c7f787490392a73929577,657c7ba89460601333bb331a,0
658306e689709ebecbd69865,1,3706.20,Casserole Ø20CM affinity tout inox  DE BUYER 3706.20,657c7f787490392a73929577,657c7ba89460601333bb331a,0
658306e689709ebecbd69867,1,3730.24,Sauteuse à queue Ø24CM Bord droit affinity  DE BUYER 3730.24,657c7f787490392a73929577,657c7ba89460601333bb331a,0
658306e689709ebecbd69869,1,3742.24,Faitout Ø24CM affinity avec couvercle tout inox  DE BUYER 3742.24,657c7f787490392a73929577,657c7ba89460601333bb331a,0
658306e689709ebecbd6986b,1,379445,Robinetterie NOVARA-PLUS FRANKE 379445,657c7f787490392a73929577,657c7ba89460601333bb331a,0
658306e689709ebecbd6986d,2,40501-448-0,Cocotte en fonte ovale 33cmØ STAUB (Couleur : Truffe blanche),657c7f787490392a73929577,657c7ba89460601333bb331a,0
658306e689709ebecbd6986f,2,40509-322-0,Cocotte en fonte ovale 33cmØ STAUB (Couleur : Noir),657c7f787490392a73929577,657c7ba89460601333bb331a,0
658306e689709ebecbd69871,2,40509-324-0,Cocotte en fonte ovale 33cmØ STAUB (Couleur : Gris graphite),657c7f787490392a73929577,657c7ba89460601333bb331a,0
658306e689709ebecbd69874,1,40510-285-0,Cocotte en fonte ronde 28cmØ STAUB (Couleur : Bleu intense),657c7f787490392a73929577,657c7ba89460601333bb331a,0
658306e689709ebecbd69876,2,3601.16,Casserole Ø16CM alchimy  DE BUYER 3601.16,657c7f787490392a73929577,657c7ba89460601333bb331a,0
658306e689709ebecbd69878,2,3601.18,Casserole Ø18CM alchimy  DE BUYER 3601.18,657c7f787490392a73929577,657c7ba89460601333bb331a,0
658306e689709ebecbd6987a,1,3601.20,Casserole Ø20CM alchimy  DE BUYER 3601.20,657c7f787490392a73929577,657c7ba89460601333bb331a,0
658306e689709ebecbd6987c,1,3602.28,Sauteuse à queue Ø24CM Bord droit alchimy  DE BUYER 3602.28,657c7f787490392a73929577,657c7ba89460601333bb331a,0
658306e689709ebecbd6987e,1,3604.20,Poele Ø20CM alchimy  DE BUYER 3604.20,657c7f787490392a73929577,657c7ba89460601333bb331a,0
658306e689709ebecbd69880,1,3604.24,Poele Ø24CM alchimy  DE BUYER 3604.24,657c7f787490392a73929577,657c7ba89460601333bb331a,0
658306e689709ebecbd69882,1,3604.32,Poele Ø32CM alchimy  DE BUYER 3604.32,657c7f787490392a73929577,657c7ba89460601333bb331a,0
658306e689709ebecbd69885,17,3660.00,Poignée amovible en fonte d'inox DEBUYER LOQY 3660.00,657c7f787490392a73929577,657c7ba89460601333bb331a,0
658306e689709ebecbd69888,4,3661.02,Batterie de 3 pièces DEBUYER ALCHIMY LOQY,657c7f787490392a73929577,657c7ba89460601333bb331a,0
658306e689709ebecbd6988a,2,3661.03,Batterie de 7 pièces DEBUYER ALCHIMY LOQY,657c7f787490392a73929577,657c7ba89460601333bb331a,0
658306e689709ebecbd6988c,2,3661.16,Casserole en inox DEBUYER ALCHIMY LOQY 16cm,657c7f787490392a73929577,657c7ba89460601333bb331a,0
658306e689709ebecbd6988e,2,3661.18,Casserole en inox DEBUYER ALCHIMY LOQY 18cm,657c7f787490392a73929577,657c7ba89460601333bb331a,0
658306e689709ebecbd69890,2,3661.20,Casserole en inox DEBUYER ALCHIMY LOQY 20cm,657c7f787490392a73929577,657c7ba89460601333bb331a,0
658306e689709ebecbd69892,5,3661.24,Casserole en inox DEBUYER ALCHIMY LOQY 24cm,657c7f787490392a73929577,657c7ba89460601333bb331a,0
658306e689709ebecbd69894,2,3662.24,Sauteuse en inox DEBUYER ALCHIMY LOQY 24cm,657c7f787490392a73929577,657c7ba89460601333bb331a,0
658306e689709ebecbd69896,2,3662.28,Sauteuse en inox DEBUYER ALCHIMY LOQY 28cm,657c7f787490392a73929577,657c7ba89460601333bb331a,0
658306e689709ebecbd69898,1,3663.24,Poêle en inox DEBUYER ALCHIMY LOQY 24cm,657c7f787490392a73929577,657c7ba89460601333bb331a,0
658306e689709ebecbd6989a,1,3663.28,Poêle en inox DEBUYER ALCHIMY LOQY 28cm,657c7f787490392a73929577,657c7ba89460601333bb331a,0
658306e689709ebecbd6989c,1,36GSL,Plancha grill lisse LACANCHE 36GSL,657c7f787490392a73929577,657c7ba89460601333bb331a,0
658306e689709ebecbd6989e,1,40509-362-0,Cocotte en fonte ronde 28cmØ STAUB (Couleur : Grenadine),657c7f787490392a73929577,657c7ba89460601333bb331a,0
658306e689709ebecbd698a0,1,40509-691-0,Cocotte en fonte ovale 33cmØ STAUB (Couleur : Basilic),657c7f787490392a73929577,657c7ba89460601333bb331a,0
658306e689709ebecbd698a2,1,40509-692-0,Cocotte en fonte ovale 33cmØ STAUB (Couleur : Grenadine),657c7f787490392a73929577,657c7ba89460601333bb331a,0
658306e689709ebecbd698af,1,514486,Evier céramique Panor 60 BLANCO 514486,657c7f787490392a73929577,657c7ba89460601333bb331a,0
658306e689709ebecbd698b1,1,526087,Evier a encastrer BLANCO 526087,657c7f787490392a73929577,657c7ba89460601333bb331a,0
658306e689709ebecbd698b3,5,531732700701,Plancha ENO Bergerac 75 531732700701,657c7f787490392a73929577,657c7ba89460601333bb331a,0
658306e689709ebecbd698b5,1,5530.30,Poêle DE BUYER Grill en acier CARBONE PLUS 30cm,657c7f787490392a73929577,657c7ba89460601333bb331a,0
658306e689709ebecbd698b7,5,5610.20,Poêle ronde en acier Ø20CM Mineral B DE BUYER 5610.20,657c7f787490392a73929577,657c7ba89460601333bb331a,0
658306e689709ebecbd698b9,3,5610.32,Poêle ronde en acier Ø32CM Mineral B DE BUYER 5610.32,657c7f787490392a73929577,657c7ba89460601333bb331a,0
658306e689709ebecbd698bc,2,5615.30,Poele à crêpes  Ø30CM Mineral B  DE BUYER 5615.30,657c7f787490392a73929577,657c7ba89460601333bb331a,0
658306e689709ebecbd698be,19,5618.24,Wok à queue acier Ø24CM Mineral B DE BUYER 5618.24,657c7f787490392a73929577,657c7ba89460601333bb331a,0
658306e689709ebecbd698c0,5,5664.24,Poêle en acier DEBUYER MINERAL B LOQY 24cm,657c7f787490392a73929577,657c7ba89460601333bb331a,0
658306e689709ebecbd69842,1,11538,Gille pain 1 fente visible MAGIMIX 11538,657c7f787490392a73929577,657c7ba89460601333bb331a,0
658306e689709ebecbd69844,1,121095,Evier timbre d'office céramique blanc  1 bac  Villeroy & Boch 121095,657c7f787490392a73929577,657c7ba89460601333bb331a,0
658306e689709ebecbd698c6,3,570232580701,Plancha ENO Enosign 65 Bleu navy,657c7f787490392a73929577,657c7ba89460601333bb331a,0
658306e689709ebecbd698c8,2,57023285070C,Plancha ENO Enosign 65 Noir & Inox,657c7f787490392a73929577,657c7ba89460601333bb331a,0
658306e689709ebecbd698ca,1,57028385,Combo ENO Enosign 65cm noir inox gaz 57028385,657c7f787490392a73929577,657c7ba89460601333bb331a,0
658306e689709ebecbd698cc,1,570332010701,Plancha ENO ENOSIGN 80 Inox,657c7f787490392a73929577,657c7ba89460601333bb331a,0
658306e689709ebecbd698ce,3,5710.20,Poele Ø20CM Mineral B Bois  DE BUYER 5710.20,657c7f787490392a73929577,657c7ba89460601333bb331a,0
658306e689709ebecbd698d1,3,5710.26,Poele Ø26CM Mineral B Bois  DE BUYER 5710.26,657c7f787490392a73929577,657c7ba89460601333bb331a,0
658306e689709ebecbd698d3,2,5710.28,Poele Ø28CM Mineral B Bois  DE BUYER 5710.28,657c7f787490392a73929577,657c7ba89460601333bb331a,0
658306e689709ebecbd698d9,2,5718.32,Wok Ø32CM Mineral B Bois DE BUYER 5718.32,657c7f787490392a73929577,657c7ba89460601333bb331a,0
658306e689709ebecbd698db,2,575232014201,Plancha ENO Enosign 65 cm Electrique 575232014201,657c7f787490392a73929577,657c7ba89460601333bb331a,0
658306e689709ebecbd698dd,2,6406.20,Casserole Ø20CM Inocuivre queue inox DE BUYER 6406.20,657c7f787490392a73929577,657c7ba89460601333bb331a,0
658306e689709ebecbd698df,1,6424.28,Poele ronde Ø28CM Inocuivre queue inox    DE BUYER 6424.28,657c7f787490392a73929577,657c7ba89460601333bb331a,0
658306e689709ebecbd698e1,4,6830,Groupe filtrant plafonnier Novy PURELINE 90cm Inox,657c7f787490392a73929577,657c7ba89460601333bb331a,0
658306e689709ebecbd698e3,1,6840,Plafonnier Novy Pure'line avec éclairage 120cm Inox 6840,657c7f787490392a73929577,657c7ba89460601333bb331a,0
658306e689709ebecbd698e5,1,730CR,Mitigeur 730CR Gaboli,657c7f787490392a73929577,657c7ba89460601333bb331a,0
658306e689709ebecbd698e7,4,820,Groupe filtrant plafonnier Novy MINI PURE' LINE 90 cm Inox,657c7f787490392a73929577,657c7ba89460601333bb331a,0
658306e689709ebecbd698e9,2,8364.24,Poêle antiadhésive DEBUYER CHOC EXTREME LOQY 24cm,657c7f787490392a73929577,657c7ba89460601333bb331a,0
658306e689709ebecbd698eb,3,40510-290-0,Cocotte en fonte ovale 33cmØ STAUB (Couleur : Bleu intense),657c7f787490392a73929577,657c7ba89460601333bb331a,0
658306e689709ebecbd6990e,2,8365.24,Sauteuse bombée antiadhésive DEBUYER CHOC EXTREME LOQY 24cm,657c7f787490392a73929577,657c7ba89460601333bb331a,0
658306e689709ebecbd69910,2,8365.28,Sauteuse bombée antiadhésive DEBUYER CHOC EXTREME LOQY 28cm,657c7f787490392a73929577,657c7ba89460601333bb331a,0
658306e689709ebecbd69912,1,850003000224,Cocotte ronde 23cm rubis sable interieur sable  Godin 850003000224,657c7f787490392a73929577,657c7ba89460601333bb331a,0
658306e689709ebecbd69914,2,850004000371,Cocotte ronde D25cm Blanche interieur Sable GODIN 850004000371,657c7f787490392a73929577,657c7ba89460601333bb331a,0
658306e689709ebecbd69916,1,897384,Egouttoir ROLLMAT,657c7f787490392a73929577,657c7ba89460601333bb331a,0
658306e689709ebecbd69918,1,A31317,Pack Bradanit + Miitgeur + Vannes Filtres BRADANO A31317,657c7f787490392a73929577,657c7ba89460601333bb331a,0
658306e689709ebecbd6991a,1,A51386,Mitigeur avisio douchette inox BRADANO A51386,657c7f787490392a73929577,657c7ba89460601333bb331a,0
658306e689709ebecbd6991c,1,AF1122/1,Réfrigérateur table top blanc 119L,657c7f787490392a73929577,657c7ba89460601333bb331a,0
658306e689709ebecbd6991e,1,AFR-9FCE-O,Réfrigérateur ASCOT french door bleu celeste STEEL AFR-9FCE-O,657c7f787490392a73929577,657c7ba89460601333bb331a,0
658306e689709ebecbd69920,2,BBIE13300XD,Four à vapeur encastrable BEKO BBIE13300XD,657c7f787490392a73929577,657c7ba89460601333bb331a,0
658306e689709ebecbd69922,1,BCC01BLMEU,Machine à café avec broyeur SMEG Noir mat BCC01BLMEU,657c7f787490392a73929577,657c7ba89460601333bb331a,0
658306e689709ebecbd69924,1,BF922R1B1,Micro-ondes encastrable 21L SIEMENS BF922R1B1,657c7f787490392a73929577,657c7ba89460601333bb331a,0
658306e689709ebecbd69926,1,BLF01PBEU,Blender SMEG Années 50 (Couleur : Bleu),657c7f787490392a73929577,657c7ba89460601333bb331a,0
658306e689709ebecbd69928,1,BLF03WHEU,Blender SMEG Années 50 BLF03 (Couleur : Blanc),657c7f787490392a73929577,657c7ba89460601333bb331a,0
658306e689709ebecbd6992a,1,AKT913/LX,Table de cuisson vitro WHIRLPOOL AKT913/LX,657c7f787490392a73929577,657c7ba89460601333bb331a,0
658306e689709ebecbd6992c,3,ARCAV54,Cave à vin de service intégrable 60 cm ARCAV54,657c7f787490392a73929577,657c7ba89460601333bb331a,0
658306e689709ebecbd698c2,7,5664.28,Poêle en acier DEBUYER MINERAL B LOQY 28cm,657c7f787490392a73929577,657c7ba89460601333bb331a,0
658306e689709ebecbd698c4,8,570232010701,Plancha ENO Enosign 65 Inox,657c7f787490392a73929577,657c7ba89460601333bb331a,0
658306e789709ebecbd69949,1,CHEVALIERFACES,Faces meubles HACKER,657c7f787490392a73929577,657c7ba89460601333bb331a,0
658306e789709ebecbd6994c,1,CJF01CREU,Presse Agrumes Années 50 crème SMEG CJF01CREU,657c7f787490392a73929577,657c7ba89460601333bb331a,0
658306e789709ebecbd6994e,1,CJF01PGEU,Presse-Agrumes Smeg Années 50 (Couleur : Vert d'eau),657c7f787490392a73929577,657c7ba89460601333bb331a,0
658306e789709ebecbd69950,4,COCOTTEBKBLEU26,Cocotte indigo 26cm bleu BK COCOTTEBKBLEU26,657c7f787490392a73929577,657c7ba89460601333bb331a,0
658306e789709ebecbd69952,1,CX1,Aspirateur traîneau sans sac Blizzard CX1 Gris graphite,657c7f787490392a73929577,657c7ba89460601333bb331a,0
658306e789709ebecbd69954,2,DCF02WHEU,Machine à café SMEG (Couleur : Blanc),657c7f787490392a73929577,657c7ba89460601333bb331a,0
658306e789709ebecbd69956,1,CFE110EISS/BN,Piano de cuisson cornufé 110cm induction inox laiton LA CORNUE CFE110EISS/BN,657c7f787490392a73929577,657c7ba89460601333bb331a,0
658306e789709ebecbd69958,4,COCOTTEBKCREME22,Cocotte indigo 22cm Crème BK COCOTTEBKCREME22,657c7f787490392a73929577,657c7ba89460601333bb331a,0
658306e789709ebecbd6995a,4,COCOTTEBKVERT26,Cocotte indigo 26cm Vert BK COCOTTEBKVERT26,657c7f787490392a73929577,657c7ba89460601333bb331a,0
658306e789709ebecbd6995c,1,CPS6501,Couvercle de plancha ENO Enosign 65 Inox,657c7f787490392a73929577,657c7ba89460601333bb331a,0
658306e789709ebecbd6995e,1,CPS6558,Couvercle de plancha ENO Enosign 65 Bleu Navy,657c7f787490392a73929577,657c7ba89460601333bb331a,0
658306e789709ebecbd69960,1,CPS6585,Capot de plancha ENO ENOSIGN 65 Noir,657c7f787490392a73929577,657c7ba89460601333bb331a,0
658306e789709ebecbd69962,1,CPS8001,Couvercle de plancha ENO Enosign 80 Inox,657c7f787490392a73929577,657c7ba89460601333bb331a,0
658306e789709ebecbd69964,1,CRED110INOX,Crédence110cm inox  CRED110INOX,657c7f787490392a73929577,657c7ba89460601333bb331a,0
658306e789709ebecbd69967,1,CTP253,Cave à vin LA SOMMELIÈRE CTP253,657c7f787490392a73929577,657c7ba89460601333bb331a,0
658306e789709ebecbd69969,1,CWC 154 EEL/N,Cave à vin CANDY CWC154EEL/N,657c7f787490392a73929577,657c7ba89460601333bb331a,0
658306e789709ebecbd6996b,1,DGC7640HC,Four vapeur multifonctions encastrable noir MIELE DGC7640HC,657c7f787490392a73929577,657c7ba89460601333bb331a,0
658306e789709ebecbd6996d,1,5651.36,Plat à rôtir en acier MINERAL B DeBuyer 5651.36,657c7f787490392a73929577,657c7ba89460601333bb331a,0
658306e789709ebecbd6996f,2,8364.28,Poêle antiadhésive DEBUYER CHOC EXTREME LOQY 28cm,657c7f787490392a73929577,657c7ba89460601333bb331a,0
658306e789709ebecbd69986,3,DSD444B/1,Lave vaisselle 82cm 14 couverts DSD444B/1 ASKO,657c7f787490392a73929577,657c7ba89460601333bb331a,0
658306e789709ebecbd69988,1,E297,Groupe plafond 90cm inox PANDO E297,657c7f787490392a73929577,657c7ba89460601333bb331a,0
658306e789709ebecbd6998b,1,ECF01PBEU,Machine à café Expresso SMEG (Couleur : Bleu),657c7f787490392a73929577,657c7ba89460601333bb331a,0
658306e789709ebecbd6998d,1,ETA9PCG,Etagère butamax lots de 2 GLEM AIRLUX ETA9PCG,657c7f787490392a73929577,657c7ba89460601333bb331a,0
658306e789709ebecbd6998f,1,ETOZ272DE/1-11,Lave-linge top 7kg ZEROWATT ETOZ272DE/1-11,657c7f787490392a73929577,657c7ba89460601333bb331a,0
658306e789709ebecbd69991,1,EV06706,EVIER NOIR CUVE SOUS PLAN VIDAGE MANUEL EV06706,657c7f787490392a73929577,657c7ba89460601333bb331a,0
658306e789709ebecbd69994,1,EV_59894,Evier moka BRADANO EV_59894,657c7f787490392a73929577,657c7ba89460601333bb331a,0
658306e789709ebecbd69996,1,EX878LYV5E,Table de cuisson induction noir SIEMENS EX878LYV5E,657c7f787490392a73929577,657c7ba89460601333bb331a,0
658306e789709ebecbd69999,1,FAB38LBL5,Combiné réfrigérateur congélateur Noir  Charnières gauche SMEGFAB38LBL5,657c7f787490392a73929577,657c7ba89460601333bb331a,0
658306e789709ebecbd6999b,1,FAB50RPB5,Réfrigérateur combiné 2 portes SMEG - Charnières à droite (Couleur : Bleu),657c7f787490392a73929577,657c7ba89460601333bb331a,0
658306e789709ebecbd699a3,1,FE1NNEEEF1,Piano de cuisson cornufe 110cm noir mat nickel inox satiné LA CORNUE FE1NNEEEF1,657c7f787490392a73929577,657c7ba89460601333bb331a,0
658306e789709ebecbd699a5,13,FL328EEW,Réfrigérateur FAGOR FL328EEW,657c7f787490392a73929577,657c7ba89460601333bb331a,0
658306e789709ebecbd699a7,5,FLEXIBLE GAZ 1.5M BELGIQUE,"FLEXIBLE GAZ BOUTEILLE/NATUREL 1,5M BELGIQUE",657c7f787490392a73929577,657c7ba89460601333bb331a,0
658306e789709ebecbd699aa,2,FLT6,Filtre à charbon SMEG FLT6,657c7f787490392a73929577,657c7ba89460601333bb331a,0
658306e789709ebecbd699ac,2,G5072VI,Lave-vaisselle intégrable 60cm inox MIELE G5072VI,657c7f787490392a73929577,657c7ba89460601333bb331a,0
658306e789709ebecbd699ae,1,G7460SCVI,Lave-vaisselle full intégrable 60cm Autodos MIELE G7460SCVI,657c7f787490392a73929577,657c7ba89460601333bb331a,0
658306e789709ebecbd699b3,1,GAZ PROP/BUT 2M,FLEXIBLE GAZ BOUTEILLE 2M,657c7f787490392a73929577,657c7ba89460601333bb331a,0
658306e789709ebecbd699d5,1,HBF11PBEU,Mixeur plongeant Années 50 SMEG HBF11 (Couleur : Bleu ciel),657c7f787490392a73929577,657c7ba89460601333bb331a,0
658306e789709ebecbd699d7,1,HBF11RDEU,Mixeur plongeant Années 50 SMEG HBF11 (Couleur : Rouge),657c7f787490392a73929577,657c7ba89460601333bb331a,0
658306e789709ebecbd699d9,2,HCI085,Housse noire anti-UV pour chariot ENO 80/90 HCI085,657c7f787490392a73929577,657c7ba89460601333bb331a,0
658306e789709ebecbd699db,2,HII63401MT,Plaque de cuisson induction 60cm BEKO HII63401MT,657c7f787490392a73929577,657c7ba89460601333bb331a,0
658306e789709ebecbd699dd,1,HOTTEGRANDMAMAN90,Hotte grand maman 90cm LA CORNUE HOTTEGRANDMAMAN90,657c7f787490392a73929577,657c7ba89460601333bb331a,0
658306e789709ebecbd699df,1,HPI65,Housse noire anti-UV pour plancha ENOSIGN 60/65 ENO HPI65,657c7f787490392a73929577,657c7ba89460601333bb331a,0
658306e789709ebecbd699e1,1,HR976GMB1,Four encastrable vapeur noir SIEMENS HR976GMB1,657c7f787490392a73929577,657c7ba89460601333bb331a,0
658306e789709ebecbd699e3,1,HZ327000,Pierre à pain et à pizza pour four HZ327000,657c7f787490392a73929577,657c7ba89460601333bb331a,0
658306e789709ebecbd699e5,1,HZ390512,Plat teppan yaki SIEMENS HZ390512,657c7f787490392a73929577,657c7ba89460601333bb331a,0
658306e789709ebecbd699e7,1,HZ390522,Plaque grille fonte 40x20cm SIEMENS HZ390522,657c7f787490392a73929577,657c7ba89460601333bb331a,0
658306e789709ebecbd699e9,1,IRE1780,Réfrigérateur 1 porte encastrable LIEBHERR IRE1780,657c7f787490392a73929577,657c7ba89460601333bb331a,0
658306e789709ebecbd699eb,1,GRUPEVO3130,Groupe filtrant Falmec GRUPEVO3130,657c7f787490392a73929577,657c7ba89460601333bb331a,0
658306e789709ebecbd699ed,1,GSS6876SC,Réfrigérateur américain inox 179cm LG GSS6876SC,657c7f787490392a73929577,657c7ba89460601333bb331a,0
658306e789709ebecbd699ef,1,H7260BP,Four encastrable  pyrolyse gris graphique  Miele H7260BP,657c7f787490392a73929577,657c7ba89460601333bb331a,0
658306e789709ebecbd699f1,1,KI86SSDD0,Réfrigérateur SIEMENS KI86SSDD0,657c7f787490392a73929577,657c7ba89460601333bb331a,0
658306e789709ebecbd699f3,1,KI87FSDB0,Réfrigérateur combiné encastrable SIEMENS KI87FSDB0,657c7f787490392a73929577,657c7ba89460601333bb331a,0
658306e789709ebecbd699f5,2,KLF03BLMEU,Bouilloire SMEG Années 50 (Couleur : Noir mat),657c7f787490392a73929577,657c7ba89460601333bb331a,0
658306e789709ebecbd699f7,1,KLF03CHMEU,Bouilloire SMEG Années 50 (Couleur : Or mat),657c7f787490392a73929577,657c7ba89460601333bb331a,0
658306e789709ebecbd699fb,2,KLF03CREU,Bouilloire crème SMEG KLF03CREU,657c7f787490392a73929577,657c7ba89460601333bb331a,0
658306e789709ebecbd699fd,4,KLF03EGMEU,Bouilloire SMEG - Vintage - Années 50 (Couleur : Vert émeraude),657c7f787490392a73929577,657c7ba89460601333bb331a,0
658306e789709ebecbd699ff,1,KLF03GOEU,Bouilloire SMEG Années 50 (Couleur : Or),657c7f787490392a73929577,657c7ba89460601333bb331a,0
658306e789709ebecbd69a01,4,KLF03PBEU,Bouilloire SMEG Années 50 (Couleur : Bleu),657c7f787490392a73929577,657c7ba89460601333bb331a,0
658306e789709ebecbd69a03,3,KLF03PGEU,Bouilloire SMEG Années 50 (Couleur : Vert d'eau),657c7f787490392a73929577,657c7ba89460601333bb331a,0
658306e789709ebecbd69a05,1,KLF03PKEU,Bouilloire rose SMEG KLF03PKEU,657c7f787490392a73929577,657c7ba89460601333bb331a,0
658306e789709ebecbd69a07,3,KLF03WHEU,SMEG BOUILLOIRE BLANCHE KLF03WHEU,657c7f787490392a73929577,657c7ba89460601333bb331a,0
658306e789709ebecbd69a09,1,KLF03WHMEU,Bouilloire SMEG Années 50 (Couleur : Blanc mat),657c7f787490392a73929577,657c7ba89460601333bb331a,0
658306e789709ebecbd69a0b,2,KLF04BLEU,Bouilloire années 50 noir SMEG KLF04BLEU,657c7f787490392a73929577,657c7ba89460601333bb331a,0
658306e789709ebecbd69a0d,5,KN5301,Coffret nettoyage plancha ENO KN5301,657c7f787490392a73929577,657c7ba89460601333bb331a,0
658306e789709ebecbd69a0f,1,L2HM1200,Hotte aspiration radiale bleu corail LACANCHE L2HM1200,657c7f787490392a73929577,657c7ba89460601333bb331a,0
658306e789709ebecbd69a11,1,LC457CA60,HOTTE DECOR CUBE INOX LC457CA60,657c7f787490392a73929577,657c7ba89460601333bb331a,0
658306e789709ebecbd69a13,1,LCF1052GCT-NO/LA,Piano de cuisson cluny noir laiton LACANCHE LCF1052GCT,657c7f787490392a73929577,657c7ba89460601333bb331a,0
658306e789709ebecbd69a15,1,LD88WMM66,Hotte plan de travail 80cm Siemens LD88WMM66,657c7f787490392a73929577,657c7ba89460601333bb331a,0
658306e789709ebecbd69a17,1,LEIHDC110CYC,FALCON HOTTE DECO ROUGE 110 LEIHDC110CYC,657c7f787490392a73929577,657c7ba89460601333bb331a,0
658306e789709ebecbd69a1a,1,KLF03RDEU,Bouilloire rouge SMEG KLF03RDEU,657c7f787490392a73929577,657c7ba89460601333bb331a,0
658306e789709ebecbd69a1c,2,KLF03SSEU,Bouilloire SMEG KLF03SSEU Chrome,657c7f787490392a73929577,657c7ba89460601333bb331a,0
658306e789709ebecbd69a1e,1,KLF04PBEU,Bouilloire bleuazu SMEG KLF04PBEU,657c7f787490392a73929577,657c7ba89460601333bb331a,0
658306e789709ebecbd69a20,2,KLF04PGEU,Bouilloire avec réglage de la température SMEG (Couleur : Vert d'eau),657c7f787490392a73929577,657c7ba89460601333bb331a,0
658306e789709ebecbd69a22,2,KLF05CREU,Mini bouilloire électrique SMEG (Couleur : Crème),657c7f787490392a73929577,657c7ba89460601333bb331a,0
658306e789709ebecbd69a24,3,KLF05PGEU,Mini bouilloire électrique SMEG (Couleur : Vert d'eau),657c7f787490392a73929577,657c7ba89460601333bb331a,0
658306e789709ebecbd69a26,2,KLF05WHEU,Mini bouilloire électrique SMEG (Couleur : Blanc),657c7f787490392a73929577,657c7ba89460601333bb331a,0
658306e789709ebecbd69a28,1,KM7667FL,Table de cuisson vitrocéramique noir MIELE KM7667FL,657c7f787490392a73929577,657c7ba89460601333bb331a,0
658306e789709ebecbd69a2a,1,LG1052GCT-BF/IB,Piano de cuisson LACANCHE 100 cm Cluny Bleu france Inox brosse LG1052GCT-BF/IB,657c7f787490392a73929577,657c7ba89460601333bb331a,0
658306e789709ebecbd69a2c,3,LG861S-2,Évier encastrable SMEG inox anti-griffes 86cm LG861S-2,657c7f787490392a73929577,657c7ba89460601333bb331a,0
658306e789709ebecbd69a2e,1,LI91D,Évier encastrable SMEG inox 90cm LI91D,657c7f787490392a73929577,657c7ba89460601333bb331a,0
658306e789709ebecbd69a31,2,LMV1900,Cave à vin de vieillissement LE CHAI LMV1900,657c7f787490392a73929577,657c7ba89460601333bb331a,0
658306e789709ebecbd69a33,1,LOINTIERSAV,SAV HACKER,657c7f787490392a73929577,657c7ba89460601333bb331a,0
658306e789709ebecbd69a35,1,LVI731CT,Piano de cuisson cormation induction bleu delft chrome mat LACANCHE LVI731CT,657c7f787490392a73929577,657c7ba89460601333bb331a,0
658306e789709ebecbd69a37,1,LVI731CT-NO/IB,Piano de cuisson Cormatin noir inox brosse LACANCHE LVI731CT-NO/IB,657c7f787490392a73929577,657c7ba89460601333bb331a,0
658306e789709ebecbd69a39,1,LXP861D,Évier encastrable SMEG inox 86cm LXP861D,657c7f787490392a73929577,657c7ba89460601333bb331a,0
658306e789709ebecbd69a3d,1,LZ28WWY12,Kit de jonction Siemens LZ28WWY12,657c7f787490392a73929577,657c7ba89460601333bb331a,0
658306e789709ebecbd69a3f,1,M7244TC,Micro-ondes 45 cm Pureline INOX 45cm MIELE M7244TC,657c7f787490392a73929577,657c7ba89460601333bb331a,0
658306e789709ebecbd69a41,1,MBE2657SEM,Four micro-ondes encastrable AEG MBE2657SEM,657c7f787490392a73929577,657c7ba89460601333bb331a,0
658306e789709ebecbd69a43,1,MS20A7013AB,Micro-ondes encastrable 20L noir SAMSUNG MS20A7013AB,657c7f787490392a73929577,657c7ba89460601333bb331a,0
658306e789709ebecbd69a45,4,P048034,Plancha Teppan Yaki FALCON fonte P048034,657c7f787490392a73929577,657c7ba89460601333bb331a,0
658306e789709ebecbd69a47,1,P050528,FALCON PLANCHA P050528,657c7f787490392a73929577,657c7ba89460601333bb331a,0
658306e789709ebecbd69a49,1,LZ21WWI16,Kit de recyclage avec filtre haute performance Siemens LZ21WWI16,657c7f787490392a73929577,657c7ba89460601333bb331a,0
658306e789709ebecbd69a4b,1,MALLEPTSAV,SAV FIDELEM,657c7f787490392a73929577,657c7ba89460601333bb331a,0
658306e789709ebecbd69a4d,1,NQ5B4513GBK,Micro-ondes encastrable  noir 50L SAMSUNG NQ5B4513GBK,657c7f787490392a73929577,657c7ba89460601333bb331a,0
658306e789709ebecbd69a4f,1,OMR58CU1SX,Four multifonction 71L intégrable WHIRLPOOL OMR58CU1SX,657c7f787490392a73929577,657c7ba89460601333bb331a,0
658306e789709ebecbd69a51,1,P033282,Plancha Teppan Yaki FALCON fonte pour ELISE,657c7f787490392a73929577,657c7ba89460601333bb331a,0
658306e789709ebecbd69a53,4,P050553,FALCON SUPPORT WOK P050553,657c7f787490392a73929577,657c7ba89460601333bb331a,0
658306e789709ebecbd69a55,1,P098451,Support wok FALCON P098451,657c7f787490392a73929577,657c7ba89460601333bb331a,0
658306e789709ebecbd69a57,1,PAPINCUIS,Meubles de cuisine sur mesure NOVA,657c7f787490392a73929577,657c7ba89460601333bb331a,0
658306e789709ebecbd69a5b,1,PCRED90JAL,Crédence STOVES 90cm rouge PCRED90JAL,657c7f787490392a73929577,657c7ba89460601333bb331a,0
658306e789709ebecbd69a5d,3,PDAS7085,Pack achille desserte gris cargo ENO PDAS7085,657c7f787490392a73929577,657c7ba89460601333bb331a,0
658306e789709ebecbd69a5f,1,PLANE1430,Hotte décorative murale 90cm inox FALMEC PLANE1430,657c7f787490392a73929577,657c7ba89460601333bb331a,0
658306e789709ebecbd69a65,2,PDIS0185,Pack achille desserte inox noir avec porte ENO PDIS0185,657c7f787490392a73929577,657c7ba89460601333bb331a,0
658306e789709ebecbd69a67,4,PLOA260E13V2,PLANCHA GAZ ADELA 260 NOIRE LE MARQUIER,657c7f787490392a73929577,657c7ba89460601333bb331a,0
658306e789709ebecbd69a69,4,PLVP260IV2,PLANCHA PURE GRILL 260 INOX,657c7f787490392a73929577,657c7ba89460601333bb331a,0
658306e789709ebecbd69a6b,1,PORTESAV,SAV CUISINE PORTE,657c7f787490392a73929577,657c7ba89460601333bb331a,0
658306e789709ebecbd69a6d,3,PRO1990MC,Cave à vin de vieillissement LE CHAI double zone PRO1990MC,657c7f787490392a73929577,657c7ba89460601333bb331a,0
658306e789709ebecbd69a6f,1,PRTX,Pierre à pizza SMEG PRTX,657c7f787490392a73929577,657c7ba89460601333bb331a,0
658306e789709ebecbd69a71,1,RC513015,Mitigeur Hansa LUISINA RC513015,657c7f787490392a73929577,657c7ba89460601333bb331a,0
658306e789709ebecbd69a73,1,RESTOUTCUIS,Meubles de cuisine sur mesure HACKER,657c7f787490392a73929577,657c7ba89460601333bb331a,0
658306e789709ebecbd69a75,1,RESTOUTPLAN,Plan céramique XSTONE,657c7f787490392a73929577,657c7ba89460601333bb331a,0
658306e789709ebecbd69a79,1,LESAGESAV,SAV CUISINE NOVA,657c7f787490392a73929577,657c7ba89460601333bb331a,0
658306e789709ebecbd69a7b,1,SIM6964R,Table de cuisson SMEG encastrable 90 cm induction Dolce Stil Novo,657c7f787490392a73929577,657c7ba89460601333bb331a,0
658306e789709ebecbd69a7d,1,SMF02PBEU,Robot pâtissier SMEG Années 50 (Couleur : Bleu),657c7f787490392a73929577,657c7ba89460601333bb331a,0
658306e789709ebecbd69a7f,1,SZ36DB04,Tiroir à couverts SIEMENS SZ36DB04,657c7f787490392a73929577,657c7ba89460601333bb331a,0
658306e789709ebecbd69a81,2,TABLIER-LA-BF,Tablier estampillé LACANCHE (Couleur : Bleu français),657c7f787490392a73929577,657c7ba89460601333bb331a,0
658306e789709ebecbd69a83,3,TABLIER-LA-BOTTLEGREEN,Tablier estampillé LACANCHE (Couleur : Vert bouteille),657c7f787490392a73929577,657c7ba89460601333bb331a,0
658306e789709ebecbd69a85,1,TSF01GOEU,Toaster 2 tranches SMEG Années 50 (Couleur : Or),657c7f787490392a73929577,657c7ba89460601333bb331a,0
658306e789709ebecbd69a87,4,TSF01PBEU,Grille pain SMEG TSF01PBEU bleu azur,657c7f787490392a73929577,657c7ba89460601333bb331a,0
658306e789709ebecbd69a8a,1,TSF01RDEU,Grille pain SMEG TSF01RDEU,657c7f787490392a73929577,657c7ba89460601333bb331a,0
658306e789709ebecbd69a8c,1,W2084.W/2,Lave-linge 8kg ASKO W2084.W/2,657c7f787490392a73929577,657c7ba89460601333bb331a,0
658306e789709ebecbd69a8e,3,LFT861S,Évier encastrable SMEG inox 86cm LFT861S,657c7f787490392a73929577,657c7ba89460601333bb331a,0
658306e789709ebecbd69a90,1,SBSES8496-21,LIEBHERR REFR SIDE BY SIDE SBSES8496-21,657c7f787490392a73929577,657c7ba89460601333bb331a,0
658306e789709ebecbd69a92,5,SP12058,Spatule large pour plancha ENO SP12058,657c7f787490392a73929577,657c7ba89460601333bb331a,0
658306e789709ebecbd69a94,1,SR73E800LE,Lave-vaisselle tout intégrable 45 SIEMENS SR73E800LE,657c7f787490392a73929577,657c7ba89460601333bb331a,0
658306e789709ebecbd69a96,3,TABLIER-LA-BLACK,Tablier estampillé LACANCHE (Couleur : Noir),657c7f787490392a73929577,657c7ba89460601333bb331a,0
658306e789709ebecbd69a98,2,TABLIER-LA-BORDEAUX,Tablier estampillé LACANCHE (Couleur : Rouge bordeaux),657c7f787490392a73929577,657c7ba89460601333bb331a,0
658306e789709ebecbd69a9a,3,TABLIER-LA-BROWN,Tablier estampillé LACANCHE (Couleur : Marron),657c7f787490392a73929577,657c7ba89460601333bb331a,0
658306e789709ebecbd69a9c,3,TABLIER-LA-CAMEL,Tablier estampillé LACANCHE (Couleur : Camel),657c7f787490392a73929577,657c7ba89460601333bb331a,0
658306e789709ebecbd69a9e,1,TC3,AGA PIANO 100CM 3 FOURS DARTMOUTH BLUE TC3,657c7f787490392a73929577,657c7ba89460601333bb331a,0
658306e789709ebecbd69aa1,4,TSF01BLEU,Grille pain SMEG TSF01BLEU Noir,657c7f787490392a73929577,657c7ba89460601333bb331a,0
658306e789709ebecbd69aa3,1,TSF01CHMEU,Toaster 2 tranches SMEG Années 50 (Couleur : Or mat),657c7f787490392a73929577,657c7ba89460601333bb331a,0
658306e789709ebecbd69aa5,1,TSF01CREU,Grille pain crème SMEG TSF01CREU,657c7f787490392a73929577,657c7ba89460601333bb331a,0
658306e789709ebecbd69aa7,3,TSF01EGMEU,Toaster 2 tranches SMEG Années 50 (Couleur : Vert émeraude),657c7f787490392a73929577,657c7ba89460601333bb331a,0
658306e789709ebecbd69aaa,3,TSF01SSEU,Grille pain SMEG TSF01SSEU Chrome,657c7f787490392a73929577,657c7ba89460601333bb331a,0
658306e789709ebecbd69aac,1,TSF01WHEU,Toaster 2 tranches SMEG blanc TSF01WHEU,657c7f787490392a73929577,657c7ba89460601333bb331a,0
658306e789709ebecbd69aae,1,TSF01WHMEU,Toaster 2 tranches SMEG Années 50 (Couleur : Blanc mat),657c7f787490392a73929577,657c7ba89460601333bb331a,0
658306e789709ebecbd69ab0,1,TSF02PBEU,Grille pain 4 ctranches SMEG TSF02PBEU,657c7f787490392a73929577,657c7ba89460601333bb331a,0
658306e789709ebecbd69ab2,1,TSF02PGEU,Grille-Pain 4 Tranches SMEG Années 50 (Couleur : Vert d'eau),657c7f787490392a73929577,657c7ba89460601333bb331a,0
658306e789709ebecbd69ab4,2,TSF03SSEU,Grille pain SMEG TSF03SSEU Chrome,657c7f787490392a73929577,657c7ba89460601333bb331a,0
658306e789709ebecbd69ab6,1,TSSR02,2 pinces pour Grille-Pain SMEG TSSR02,657c7f787490392a73929577,657c7ba89460601333bb331a,0
658306e789709ebecbd69ab9,1,UNBSP899MS,Crédence FALCON Verre argent métallique UNBSP899MS,657c7f787490392a73929577,657c7ba89460601333bb331a,0
658306e789709ebecbd69abb,1,Z01N621,Pied de cuisinière  140X180 AIRLUX Z01N621,657c7f787490392a73929577,657c7ba89460601333bb331a,0
658306e789709ebecbd69abd,1,ZDNPRC89057,Pied de table carré 80x80 H900 aspect inox LUISINA  ZDNPRC89057,657c7f787490392a73929577,657c7ba89460601333bb331a,0
658306e789709ebecbd69a3b,1,LZ21WWB16,Filtre à charbon SIEMENS LZ21WWB16,657c7f787490392a73929577,657c7ba89460601333bb331a,0
658306e789709ebecbd69a77,1,RMG28/1MM,ROSIERES MICRO ONDES ENC RMG28/1MM,657c7f787490392a73929577,657c7ba89460601333bb331a,0
