Warehouse Name,Reference,Denomination,Quantity
CHAMBRE FROIDE,03190116,Gril plancha Lofra 03190116,0
CHAMBRE FROIDE,03190237,Plaque Tappanyaki Lofra Induction - Accessoire Plaque DIONE,0
CHAMBRE FROIDE,03248,Mitigeur BRADANO 03248,0
CHAMBRE FROIDE,150300EQ376,Hotte décorative FALCON FALHDC100CR/C Crème Chrome,0
CHAMBRE FROIDE,150300EQ378,Hotte décorative FALCON LEIHDC110CR/C Crème Chrome,0
CHAMBRE FROIDE,21500201,Couvercle en verre trempé inox Lofra 70x50 cm,0
CHAMBRE FROIDE,21500202,Couvercle en verre trempé inox 80x50 cm Lofra,0
CHAMBRE FROIDE,21500231,Couvercle en verre trempé inox Lofra 70x60 cm,0
CHAMBRE FROIDE,21503024,Crédence Lofra PROFESSIONAL 120cm inox 21503024,0
CHAMBRE FROIDE,21503065DOORKIT,Porte  de Lave vaisselle Lofra DOLCEVITA Rouge laiton  21503065,0
CHAMBRE FROIDE,21503106DOORKIT,"Kit de porte lave-vaisselle Lofra DOLCEVITA (Couleur : Noir, Finition : Laiton)",0
CHAMBRE FROIDE,21503230DOORKIT,"Kit de porte lave-vaisselle Lofra DOLCEVITA (Couleur : Noir, Finition : Bronze)",0
CHAMBRE FROIDE,3170296,Plaque chauffante Lofra TEPPANYAKI,0
CHAMBRE FROIDE,AHP975IX,Hotte décorative murale pyramidale  AIRLUX 90cm (Couleur : Inox),0
CHAMBRE FROIDE,B95IMAN9,Piano de cuisson 90cm anthracite SMEG B95IMAN9,0
CHAMBRE FROIDE,C91IEA9,Piano de cuisson SMEG Sinfonia 90 cm Induction (Couleur : Gris Anthracite),0
CHAMBRE FROIDE,ASG96WMFT/AEO,"Piano de cuisson Lofra ITALIA 90 cm mixte (Couleur : Inox, Type de four : Électrique)",0
CHAMBRE FROIDE,C9GMMB2,Piano de cuisson 90cm noir Sinfonia SMEG C9GMMB2,0
CHAMBRE FROIDE,CDL110DFBL/B-EU,"Piano de cuisson Falcon CLASSIC DELUXE 110cm Mixte (Finition : Laiton, Couleur : Noir)",0
CHAMBRE FROIDE,CDL110DFBL/C-EU,Piano de cuisson Falcon Classic Deluxe - Noir Chrome CDL110DFBL/C-EU,0
CHAMBRE FROIDE,CDL110DFCB/C-EU,Piano de cuisson FALCON Classic Deluxe 110 Charbon mat satiné chrome mixte  CDL110DFCB/C-EU,0
CHAMBRE FROIDE,CDL110DFSL/B-EU,Piano de cuisso FALCON Classic  Deluxe 110 gris ardoise laiton CDL110DFSL/B-EU,0
CHAMBRE FROIDE,CDL90DFRB/B-EU,Piano de cuisson FALCON Classic Deluxe 90 Mixte Bleu roi Laiton CDL90DFRB/B-EU,0
CHAMBRE FROIDE,CDL90DFRG/C-EU,Piano de cuisson FALCON Classic Deluxe 90 vert anglais chrome mixte CDL90DFRG/C-EU,0
CHAMBRE FROIDE,CFE110DFBL/N,Piano de cuisson La Cornue CORNUFÉ 110cm  (Couleur : Noir Brillant),0
CHAMBRE FROIDE,CG90X2,Piano de cuisson SMEG Concerto 90 cm Mixte Inox,0
CHAMBRE FROIDE,CO96GMA9,Piano de cuisson 90cm Coloniale Anthracite  SMEG,0
CHAMBRE FROIDE,CPF120IGMPX,Piano de cuisson SMEG CPF120IGMPX 120cm Mixte inox,0
CHAMBRE FROIDE,COUVERCLELOFRA21500204,Couvercle en verre trempé inox Lofra 90x50 cm,0
CHAMBRE FROIDE,CR570,Support wok GLEM AIRLUX CR570,0
CHAMBRE FROIDE,CRED110NOIR,Crédence110cm noir  1100x670mm,0
CHAMBRE FROIDE,CRED90NOIR,Crédence 90cm noir  900x670mm,0
CHAMBRE FROIDE,CX90GM,Piano de cuisson SMEG 90 cm mixte CX90GM,0
CHAMBRE FROIDE,DB0614E0,Lave vaisselle Lofra DOLCEVITA DB0614E0,0
CHAMBRE FROIDE,ELA110DFCY/-EU,Piano de cuisson FALCON Elan Deluxe 110 rouge airelle mixte ELA110DFCY/-EU,0
CHAMBRE FROIDE,EXT5ANSPIANO INDUC,Extension de garantie 5 ans piano de cuisson Induction,0
CHAMBRE FROIDE,ESP110DFBL/C-EU,Piano de cuisson FALCON Esprit  110 CM  noir ESP110DFBL/C-EU,0
CHAMBRE FROIDE,EXT5ANSPIANO,Extension de garantie 5 ans piano de cuisson Gaz,0
CHAMBRE FROIDE,EXTGARANTIE6,Ajouter l'extension de garantie 5 ans,0
CHAMBRE FROIDE,EXTGARANTIE7,Ajouter l'extension de garantie 5 ans,0
CHAMBRE FROIDE,F1092DXDFFN/NM-EU,Piano de cuisson FALCON PKR 110 DELUXE FauveNickel grilles mattes mixte F1092DXDFFN/NM-EU,0
CHAMBRE FROIDE,F1092DXDFBL/CM-EU,"Piano de cuisson FALCON PKR 110 Deluxe Noir Chrome, Grilles mattes mixte F1092DXDFBL/CM-EU",0
CHAMBRE FROIDE,F900SDFSS/CM-EU,Piano de cuisson FALCON PKR 900S inox mixte F900SDFSS/CM-EU,0
CHAMBRE FROIDE,FAI2527,Domino induction 29cm FAGOR FAI2527,0
CHAMBRE FROIDE,FALHDC110BB,"Hotte décorative murale Falcon CLASSIC 110cm avec barre (Finition : Laiton, Couleur : Noir)",0
CHAMBRE FROIDE,FALHDC110CY/C-EU,Hotte décorative murale Falcon CLASSIC 110cm avec barre (Couleur : Rouge airelle),0
CHAMBRE FROIDE,FALHDC90BC,Hotte décorative FALCON 90cm avec barre Noir Chrome FALHDC90BC,0
CHAMBRE FROIDE,FALHDCP110BB/-EU,"Hotte décorative murale Falcon PLUS 110cm sans barre (Finition : Laiton, Couleur : Noir)",0
CHAMBRE FROIDE,FALHDCP110BC/-EU,"Hotte décorative murale Falcon PLUS 110cm sans barre (Finition : Chrome, Couleur : Noir)",0
CHAMBRE FROIDE,FALSP100SS,Crédence inox 100cm FALCON,0
CHAMBRE FROIDE,FALSP110SS,Crédence Falcon 110 cm Inox,0
CHAMBRE FROIDE,FALSP90SS,Crédence FALCON sans badge 90cm inox FALSP90SS,0
CHAMBRE FROIDE,FHDSE1092SL/N,Hotte décorative Falcon PKR SUPER EXTRACT 110 Gris ardoise FHDSE1092SL/N,0
CHAMBRE FROIDE,FILTRESIRIUS,Filtre à charbon actif LA CORNUE,0
CHAMBRE FROIDE,FMRNM66ME,Four micro-ondes encastrable Lofra DOLCEVITA Noir Laiton FMRNM66ME,0
CHAMBRE FROIDE,FMRR66ME,Four micro-ondes encastrable Lofra DOLCEVITA 60cm Rouge Bordeaux FMRR66ME,0
CHAMBRE FROIDE,FMRS66ME/B,"Four micro-ondes encastrable Lofra DOLCEVITA 60cm (Couleur : Inox, Finition : Bronze)",0
CHAMBRE FROIDE,FORF-INJECTEUR,Forfait modification injecteurs gaz butane / propane,0
CHAMBRE FROIDE,FRNM66GE,Four encastrable gaz Lofra DOLCEVITA 60 cm (Couleur : Noir mat),0
CHAMBRE FROIDE,FRS69EE CHROME,"Four encastrable électrique Lofra DOLCEVITA 60 cm (Couleur : Inox, Finition : Chrome)",0
CHAMBRE FROIDE,FSXS21SS/C,Réfrigérateur américain 4 portes Falcon FSXS21 (Couleur : Inox),0
CHAMBRE FROIDE,GA960PCGIX,Piano de cuisson gaz GLEM GA960PCGIX,0
CHAMBRE FROIDE,GE960CVBK2,Piano de cuisson GLEM 90cm noir GE960CVBK2,0
CHAMBRE FROIDE,GE960CVIX2,Piano de cuisson Glem 90cm Mixte (Couleur : Inox),0
CHAMBRE FROIDE,GFRNM619B,Réfrigérateur américain Lofra DOLCEVITA Noir Bronze GFRNM619B,0
CHAMBRE FROIDE,GHB972IX,Hotte décorative murale GLEM 90 cm Inox GHB972IX,0
CHAMBRE FROIDE,GU850CER,Piano de cuisson GLEM GU850CER,0
CHAMBRE FROIDE,GU960CMR2,Piano de cuisson GLEM GU960CMR2,0
CHAMBRE FROIDE,HOTPYR110NOIR,Hotte décorative murale STOVES HOTPYR110NOIR,0
CHAMBRE FROIDE,HOTTEDOLCEVITA120BURGUNDY,"Hotte décorative murale Lofra DOLCEVITA 120cm (Finition : Laiton, Couleur : Rouge bordeaux)",0
CHAMBRE FROIDE,HOTTEDOLCEVITA120INOX,Hotte décorative murale Lofra DOLCEVITA 120cm Inox laiton HOTTEDOLCEVITA120INOX,0
CHAMBRE FROIDE,HOTTEDOLCEVITA150BLACKMATT,Hotte décorative murale Lofra DOLCEVITA 150cm Noir Laiton,0
CHAMBRE FROIDE,HOTTEDOLCEVITA150BLACKMATTC,Hotte décorative murale Lofra DOLCEVITA 150cm Noir Chrome HOTTEDOLCEVITA150BLACKMATTC,0
CHAMBRE FROIDE,HOTTEDOLCEVITA90INOX,Hotte décorative murale Lofra DOLCEVITA 90cm Inox Laiton  HOTTEDOLCEVITA90INOX,0
CHAMBRE FROIDE,HOTTEDOLCEVITA90INOXB,Hotte décorative murale Lofra DOLCEVITA 90cm Inox Bronze  HOTTEDOLCEVITA90INOXB,0
CHAMBRE FROIDE,HOTTEDOLCEVITA90INOXCHROME,Hotte décorative murale Lofra DOLCEVITA 90cm Inox Chrome,0
CHAMBRE FROIDE,HOTTEDOLCEVITA90IVOIRE,Hotte décorative murale Lofra DOLCEVITA 90cm Ivoire Laiton HOTTEDOLCEVITA90IVOIRE,0
CHAMBRE FROIDE,HOTTEDOLCEVITA90NOIRMATBRONZE,Hotte décorative murale LOFRA DOLCEVITA 90 NOIR MAT Bronze HOTTEDOLCEVITA90NOIRMATBRONZE,0
CHAMBRE FROIDE,HOTTEDOLCEVITA90NOIRMAT,Hotte décorative murale Lofra DOLCEVITA 90cm Noir mat Laiton,0
CHAMBRE FROIDE,HOTTEDOLCEVITA90NOIRMATC,Hotte décorative murale LOFRA DOLCEVITA 90 NOIR MAT Chrome HOTTEDOLCEVITA90NOIRMATC,0
CHAMBRE FROIDE,HRNM6G0,Plaque de cuisson Lofra DOLCEVITA 60cm (Couleur : Noir mat),0
CHAMBRE FROIDE,KD91XE2,Hotte décorative murale 90cm SMEG KD91XE2,0
CHAMBRE FROIDE,KDC91XE2,Hotte décorative murale 90cm SMEG KDC91XE2,0
CHAMBRE FROIDE,KSED95COA,Hotte décorative murale Coloniale Anthracite 90cm SMEG KSED95COA,0
CHAMBRE FROIDE,KT90BLE,Hotte murale SMEG KT90BLE,0
CHAMBRE FROIDE,kt90pe,Hotte SMEG victoria 90 creme kt90pe,0
CHAMBRE FROIDE,LEIHDC100BC/-EU,Hotte décorative murale Falcon CLASSIC 100 cm sans barre (Couleur : Noir),0
CHAMBRE FROIDE,LEIHDC110BB/-EU,"Hotte décorative murale Falcon CLASSIC 110cm sans barre (Couleur : Noir, Finition : Laiton)",0
CHAMBRE FROIDE,LEIHDC90SL/C-EU,Hotte décorative Falcon CLASSIC 90cm sans barre (Couleur : Gris ardoise),0
CHAMBRE FROIDE,LEIHDC110SL/C-EU,Hotte décorative murale Falcon CLASSIC 110cm sans barre Gris Ardoise - Chrome LEIHDC110SL/C-EU,0
CHAMBRE FROIDE,MCY1200EIMB/-EU,Piano de cuisson FALCON Piano Mercury 120 cm Dessus induction  Noir cendré MCY1200EIMB/-EU,0
CHAMBRE FROIDE,NEX110SODFCB/C-EU,Piano de cuisson FALCON Nexus steam 110 CM Charbon noir chrome mixte NEX110SODFCB/C-EU,0
CHAMBRE FROIDE,NEX110SODFSL/C-EU,Piano de cuisson FALCON Nexus Steam110 CM Gris Ardoise chrome mixte NEX110SODFSL/C-EU,0
CHAMBRE FROIDE,NEXSE110DFIV/C-EU,Piano de cuisson FALCON Nexus SE 110 CM Ivoire chrome mixte NEXSE110DFIV/C-EU,0
CHAMBRE FROIDE,OCM8464A,Four micro-ondes 45cm noir ASKO OCM8464A,0
CHAMBRE FROIDE,OCSM8478G,Four combiné 45cm verre noir ASKO  OCSM8478G,0
CHAMBRE FROIDE,P038240,Plancha FALCON Plancha lisse et plate,0
CHAMBRE FROIDE,P052872,Plancha lisse FALCON P052872,0
CHAMBRE FROIDE,P098259,Plancha FALCON Moitié nervuré moitié lisse P098259,0
CHAMBRE FROIDE,PARMAXL,Plancha grille viande SMEG Concerto  PARMAXL,0
CHAMBRE FROIDE,PBP76GVT/C,"Piano de cuisson Lofra RAINBOW 70 cm mixte (Couleur : Blanc, Type de four : Gaz)",0
CHAMBRE FROIDE,PCRED110INOX,Crédence STOVES 110cm inox PCRED110INOX,0
CHAMBRE FROIDE,PCRED110NOIR,Crédence STOVES 110cm noir PCRED110NOIR,0
CHAMBRE FROIDE,PCRED90INOX,Crédence STOVES 90cm inox PCRED90INOX,0
CHAMBRE FROIDE,PCRED90NOIR,Crédence STOVES 90cm noir PCRED90NOIR,0
CHAMBRE FROIDE,PD126GV+E/2Ci,Piano de cuisson LOFRA PROFESSIONAL 120cm Inox  PD126GV+E/2Ci,0
CHAMBRE FROIDE,PDL90DFSS/C-EU,Piano de cuisson Falcon PROFESSIONAL DELUXE 90cm mixte (Couleur : Inox),0
CHAMBRE FROIDE,PG96MFT/CISF,Piano de cuisson Lofra PROFESSIONAL 90 cm mixte,0
CHAMBRE FROIDE,PHOT90NOIR,Hotte décorative Quadrifoglio 90 cm murale  Noir PHOT90 noir,0
CHAMBRE FROIDE,PLINTHELOFRADOLCEVITA120,Plinthe pour Lofra 120cm 21502533 - Hauteur : 135,0
CHAMBRE FROIDE,PLINTHELOFRADOLCEVITA150,Plinthe pour Lofra 150cm 21503558 - Hauteur : 135,0
CHAMBRE FROIDE,PLINTHELOFRADOLCEVITA60,Plinthe pour Lofra 60cm 10020369 - Hauteur : 135,0
CHAMBRE FROIDE,PNM126SMFET+DMFT/2AEO,Piano de cuisson Lofra PROFESSIONAL 120cm Mixte 3 Fours Électrique (Couleur : Noir mat),0
CHAMBRE FROIDE,PPRECIDX110EIBL,Piano de cuisson STOVES Precision Deluxe 110 EI noir PPRECIDX110EIBL,0
CHAMBRE FROIDE,PPRECIDX90EIBL,Piano de cuisson STOVES 90CM INDUC NOIR PPRECIDX90EIBL,0
CHAMBRE FROIDE,PRICH60EIBLUK,Piano de cuisson 60 cm STOVES Richmond Induction (Couleur : Noir),0
CHAMBRE FROIDE,PRICH60EIJALUK,Piano de cuisson 60 cm STOVES Richmond Induction (Couleur : Rouge),0
CHAMBRE FROIDE,PRICHDX110DFBL,Piano de cuisson STOVES Richmond Deluxe 110 DFT noir mixte PRICHDX110DFBL,0
CHAMBRE FROIDE,PRICHDX110DFIWH,Piano de cuisson Stoves RICHMOND DELUXE 110cm Mixte (Couleur : Blanc),0
CHAMBRE FROIDE,RBPG96MFT/CiB,"Piano de cuisson Lofra DOLCEVITA 90cm Mixte (Type de four : Électrique, Finition : Bronze, Couleur :",0
CHAMBRE FROIDE,PRICHDX90DFBL,Piano de cuisson STOVES Richmond Deluxe 90cm Noir Mixte PRICHDX90DFBL,0
CHAMBRE FROIDE,PRICHDX90DFIWH,Piano de cuisson Stoves Richmond Deluxe 90 mixte blanc PRICHDX90DFIWH,0
CHAMBRE FROIDE,PRICHDX90DFMMI,Piano de cuisson Stoves RICHMOND DELUXE 90cm Mixte (Couleur : Mojito mint),0
CHAMBRE FROIDE,SI2641D,Table de cuisson induction 60cm noir SMEG SI2641D,0
CHAMBRE FROIDE,SI1M7733B,Table de cuisson induction 70cm noir SMEG SI1M7733B,0
CHAMBRE FROIDE,PRICHDX90EITBL,Piano de cuisson STOVES Richmond Deluxe 90cm induction bleu orage PRICHDX90EITBL,0
CHAMBRE FROIDE,PRICHS110EIBL,Piano de cuisson STOVES Richmond S 110 EI noir induction PRICHS110EIBL,0
CHAMBRE FROIDE,PROP90FXEISS/C-EU,Piano de cuisson FALCON ProfessionalPlus FX 90  inox induction PROP90FXEISS/C-EU,0
CHAMBRE FROIDE,PRICHS90EIBL,Piano de cuisson STOVES Richmond S 90cm induction Noir PRICHS90EIBL,0
CHAMBRE FROIDE,PSTER60EISSUK,Piano de cuisson 60 cm STOVES Sterling Induction (Couleur : Inox),0
CHAMBRE FROIDE,PSTERDX90EIBL,Piano de cuisson STOVES Sterling Deluxe 90 EI noir induction PSTERDX90EIBL,0
CHAMBRE FROIDE,RAINBOW90REDBURGUNDY,Hotte aspirante Lofra RAINBOW 90 cm (Couleur : Rouge bordeaux),0
CHAMBRE FROIDE,RBID156MFT+MFT/AEOV,Piano de cuisson LOFRA DOLCEVITA 150cm Ivoire Laiton Mixte 2 fours RBID156MFT+MFT/AEOV,0
CHAMBRE FROIDE,RBIG96GVGT/CIB,Piano de cuisson LOFRA DOLCE VITA 90cm Ivoire Bronze Gaz RBIG96GVGT/CIB,0
CHAMBRE FROIDE,PRICHDX110EIBL,Piano de cuisson STOVES Richmond Deluxe 110cm Induction Noir PRICHDX110EIBL,0
CHAMBRE FROIDE,RLVG96MFT/CIC,Piano de cuisson LOFRA DOLCEVITA 90cm mixte lavande chrome RLVG96MFT/CI,0
CHAMBRE FROIDE,RICHDX110EITBL/EXPO,Piano de cuisson STOVES induction Touch four digital noir RICHDX110EITBL,0
CHAMBRE FROIDE,RNM126SMFET+MFT/2AEO,"Piano de cuisson Lofra DOLCEVITA 120cm Mixte 3 fours (Finition : Laiton, Couleur : Noir mat)",0
CHAMBRE FROIDE,RNM66MFT/4I,Piano de cuisson LOFRA DOLCEVITA 60cm induction noir laiton RNM66MFT/4I,0
CHAMBRE FROIDE,RNMD126MFT+E/2AEO,Piano de cuisson LOFRA DOLCE VITA 120cm Noir Laiton Mixte 2 fours RNMD126MFT+E/2AEO,0
CHAMBRE FROIDE,RNM126SMFET+MFT/2AEOC,"Piano de cuisson Lofra DOLCEVITA 120cm Mixte 3 fours (Couleur : Noir mat, Finition : Chrome)",0
CHAMBRE FROIDE,RNMD126MFT+E/2AEOC,Piano de cuisson LOFRA DOLCE VITA 120cm Noir Chrome  Mixte 2 fours RNMD126MFT+E/2AEOC,0
CHAMBRE FROIDE,RNMD96GVGTE/Ci Chrome,"Piano de cuisson Lofra DOLCEVITA 90cm Mixte 2 fours (Type de four : Gaz, Finition : Chrome, Couleur",0
CHAMBRE FROIDE,RNMD156MFT+MFT/AEOV,Piano de cuisson LOFRA DOLCEVITA 150cm Noir Laiton Mixte 2 fours RNMD156MFT+MFT/AEOV,0
CHAMBRE FROIDE,RNMD96MFTE/Ci Laiton,"Piano de cuisson Lofra DOLCEVITA 90cm Mixte 2 fours (Finition : Laiton, Type de four : Électrique, C",0
CHAMBRE FROIDE,RNMD96MFTE/5I,Piano de cuisson LOFRA DOLCEVITA 90cm Noir laiton Induction  RNMD96MFTE/5I,0
CHAMBRE FROIDE,RNMG96MFT/Ci,Piano de cuisson LOFRA DOLCEVITA 90cm Noir Laiton Mixte RNMG96MFT/Ci,0
CHAMBRE FROIDE,RNMG96MFT/CiB,Piano de cuisson LOFRA DOLCEVITA 90cm Noir Bronze  Mixte RNMG96MFT/Ci,0
CHAMBRE FROIDE,RNMD96MFTE/5IB,Piano de cuisson LOFRA DOLCEVITA 90cm Noir Bronze Induction  RNMD96MFTE/5IB,0
CHAMBRE FROIDE,RNMT116MFET+SMFT/2AEO,Piano de cuisson Lofra DOLCEVITA 110 cm Noir laiton  Mixte RNMT116MFET+SMFT/2AEO,0
CHAMBRE FROIDE,RNMD96MFTE/CIB,Piano de cuisson LOFRA DOLCE VITA 90cm Noir Bronze Mixte 2 fours RNMD96MFTE/CiB,0
CHAMBRE FROIDE,RNMG96MFT/5IC,Piano de cuisson LOFRA DOLCEVITA 90cm Noir Chrome Induction RNMG96MFT/5i,0
CHAMBRE FROIDE,RNMG96MFT/5I,Piano de cuisson LOFRA DOLCEVITA 90cm Noir Laiton Induction RNMG96MFT/5i,0
CHAMBRE FROIDE,RNMG96MFT/CiC,Piano de cuisson LOFRA DOLCEVITA 90cm Noir Chrome Mixte RNMG96MFT/Ci,0
CHAMBRE FROIDE,RRD96MFTE/CI,Piano de cuisson LOFRA DOLCEVITA 90cm rouge laiton Mixte RRD96MFTE/Ci,0
CHAMBRE FROIDE,RSD126MFT+E/2AEO,Piano de cuisson LOFRA DOLCE VITA 120cm Inox Laiton Mixte 2 fours RSD126MFT+E/2AEO,0
CHAMBRE FROIDE,RSD96GVGTE/CI,Piano de cuisson LOFRA DOLCEVITA 90cm inox laiton mixte 1 four gaz RSD96GVGTE/CI,0
CHAMBRE FROIDE,RSD96MFTE/5IB,"Piano de cuisson Lofra DOLCEVITA 90cm Induction 2 fours (Couleur : Inox, Finition : Bronze)",0
CHAMBRE FROIDE,RSD96MFTE/CI,Piano de cuisson LOFRA DOLCEVITA 90cm inox Mixte 2 fours RSD96MFTE/CI,0
CHAMBRE FROIDE,RSG96MFT/5I,"Piano de cuisson Lofra DOLCEVITA 90cm Induction (Couleur : Inox, Finition : Laiton)",0
CHAMBRE FROIDE,RSG96MFT/CI,Piano de cuisson LOFRA DOLCEVITA 90cm INOX Laiton Mixte,0
CHAMBRE FROIDE,S3C090P,Réfrigérateur 1 porte encastrable SMEG,0
CHAMBRE FROIDE,WOKLOFRA,Support wok LOFRA 03190152,0
CHAMBRE FROIDE,WSS6700,Kit Sommelier MIELE WSS6700,0
CHAMBRE FROIDE,YRNM66T,Machine à café encastrable Lofra Noir YRNM66T,0
CHAMBRE FROIDE,ZBRNM24T,Cave à vin encastrable Lofra DOLCEVITA 24 bouteilles (Couleur : Noir mat),0
CHAMBRE FROIDE,ZBRNM36T,Cave à vin encastrable Lofra DOLCEVITA 36 bouteilles ZBRNM36T,0
CHAMBRE FROIDE,SPLASHBACK150LOFRA,Credence LOFRA DOLCEVITA INOX  laiton 150cm SPLASHBACK150LOFRA,0
CHAMBRE FROIDE,SPLASHBACK150LOFRAB,Credence LOFRA DOLCEVITA INOX  Bronze 150cm SPLASHBACK150LOFRAB,0
CHAMBRE FROIDE,SPLASHBACK120LOFRAINOX,Crédence Lofra DOLCEVITA 120cm Inox laiton SPLASHBACK120LOFRAINOX,0
CHAMBRE FROIDE,SPLASHBACK60LOFRACHROME,Crédence Lofra DOLCEVITA 60cm Chrome SPLASHBACK60LOFRACHROME,0
CHAMBRE FROIDE,SPLASHBACK90LOFRAINOX,Crédence Lofra DOLCEVITA 90cm Inox Laiton SPLASHBACK90LOFRAINOX,0
CHAMBRE FROIDE,SPLASHBACK90LOFRAINOXB,Crédence Lofra DOLCEVITA 90cm Inox Bronze SPLASHBACK90LOFRAINOXB,0
CHAMBRE FROIDE,TPKTR,Plancha Teppanyaki Victoria SMEG TPKTR,0
CHAMBRE FROIDE,TABLIERCFBLACK,Tablier Cuisines & Fourneaux Vintage Noir,0
CHAMBRE FROIDE,TR4110IBL2,Piano de cuisson SMEG Induction 110cm Victoria (Couleur : Noir) TR4110IBL2,0
CHAMBRE FROIDE,TR62BL,Piano de cuisson SMEG TR62BL Noir Mixte 60cm,0
CHAMBRE FROIDE,TR62IBL2,Cuisinière Smeg TR62I VICTORIA 60cm Induction (Couleur : Noir),0
CHAMBRE FROIDE,TR93BL,Piano de cuisson SMEG victoria 90cm Noir TR93BL,0
CHAMBRE FROIDE,TR93GR,Piano de cuisson 90cm SMEG Gris TR93GR,0
CHAMBRE FROIDE,TR93IP2,Piano de cuisson crème 90cm SMEG TR93IP2,0
CHAMBRE FROIDE,tr93p,Cuisiniere SMEG victoria 90 creme tr93p,0
CHAMBRE FROIDE,TSF02BLEU,Grille pain noir SMEG TSF02BLEU,0
CHAMBRE FROIDE,UNBHDS110SS,Hotte décorative plate FALCON UNBHDS110SS,0
CHAMBRE FROIDE,UNBHDS110BL/,Hotte plate Falcon 110 cm (Couleur : Noir) UNBHDS110BL,0
CHAMBRE FROIDE,UNBHDS90SS,Hotte plate Inox Falcon 90 cm FALCON,0
CHAMBRE FROIDE,UNBSP110BL/,Crédence FALCON sans badge noir UNBSP110BL/,0
CHAMBRE FROIDE,UNBSP90BL/,Crédence Falcon 90 cm noir,0
CHAMBRE FROIDE,VERSNRS1420,Hotte décorative murale Falmec VERSNRS1420,0
CHAMBRE FROIDE,SCD90IMX9-1,Piano de cuisson SMEG 90 cm induction inox,0
CHAMBRE FROIDE,SCD91CMX9,Piano de cuisson vitro 90cm inox SMEG SCD91CMX9,0
DEPOT PRINCIPAL,15030005822,Table de cuisson gaz AIRLUX AV635HBK,2
DEPOT PRINCIPAL,15030005822,Table de cuisson gaz AIRLUX AV635HBK,1
DEPOT PRINCIPAL,12050000579,JAMO - C91BL,0
DEPOT PRINCIPAL,12050000579,JAMO - C91BL,0
DEPOT PRINCIPAL,CRED110NOIR,Crédence110cm noir  1100x670mm,0
DEPOT PRINCIPAL,CRED110NOIR,Crédence110cm noir  1100x670mm,0
DEPOT PRINCIPAL,CDL110DFWH/C-EU,Piano de cuisson FALCON Classic  Deluxe 110 blanc chrome mixte CDL110DFWH/C-EU,0
DEPOT PRINCIPAL,CDL110DFWH/C-EU,Piano de cuisson FALCON Classic  Deluxe 110 blanc chrome mixte CDL110DFWH/C-EU,0
DEPOT PRINCIPAL,CRED90NOIR,Crédence 90cm noir  900x670mm,0
DEPOT PRINCIPAL,CRED90NOIR,Crédence 90cm noir  900x670mm,0
DEPOT PRINCIPAL,EXT5ANSPIANO,Extension de garantie 5 ans piano de cuisson Gaz,0
DEPOT PRINCIPAL,EXT5ANSPIANO,Extension de garantie 5 ans piano de cuisson Gaz,0
DEPOT PRINCIPAL,EQ10FF-5FINF-EXPO,Piano de cuisson Steel ENFASI ALL BLACK 100 cm  Noir EXPO  - 5 IND,0
DEPOT PRINCIPAL,EQ10FF-5FINF-EXPO,Piano de cuisson Steel ENFASI ALL BLACK 100 cm  Noir EXPO  - 5 IND,0
DEPOT PRINCIPAL,EXTENSIONGARANTIE5ANS,Extension de garantie 3 ANS supplémentaires,0
DEPOT PRINCIPAL,EXTENSIONGARANTIE5ANS,Extension de garantie 3 ANS supplémentaires,0
DEPOT PRINCIPAL,F1092DXDFBL/CM-EU,"Piano de cuisson FALCON PKR 110 Deluxe Noir Chrome, Grilles mattes mixte F1092DXDFBL/CM-EU",0
DEPOT PRINCIPAL,F1092DXDFBL/CM-EU,"Piano de cuisson FALCON PKR 110 Deluxe Noir Chrome, Grilles mattes mixte F1092DXDFBL/CM-EU",0
DEPOT PRINCIPAL,FALHDC100BC,Hotte décorative murale Falcon CLASSIC 100cm avec barre (Couleur : Noir) FALHDC100BC,0
DEPOT PRINCIPAL,FALHDC100BC,Hotte décorative murale Falcon CLASSIC 100cm avec barre (Couleur : Noir) FALHDC100BC,0
DEPOT PRINCIPAL,FALHDC110CY/C-EU,Hotte décorative murale Falcon CLASSIC 110cm avec barre (Couleur : Rouge airelle),0
DEPOT PRINCIPAL,FALHDC110CY/C-EU,Hotte décorative murale Falcon CLASSIC 110cm avec barre (Couleur : Rouge airelle),0
DEPOT PRINCIPAL,GLPN66820,Réfrigérateur 1 porte GRUNDIG GLPN66820,0
DEPOT PRINCIPAL,GLPN66820,Réfrigérateur 1 porte GRUNDIG GLPN66820,0
DEPOT PRINCIPAL,FORF-INJECTEUR,Forfait modification injecteurs gaz butane / propane,0
DEPOT PRINCIPAL,FORF-INJECTEUR,Forfait modification injecteurs gaz butane / propane,0
DEPOT PRINCIPAL,HOTPYR90INOX,Hotte décorative murale Stoves 90cm (Couleur : Inox),0
DEPOT PRINCIPAL,HOTPYR90INOX,Hotte décorative murale Stoves 90cm (Couleur : Inox),0
DEPOT PRINCIPAL,GQ7SF-4SS OT,Piano de cuisson STEEL GENESI 70cm 2 fours Inox Laiton Combi-Steam EXPO G7SF,0
DEPOT PRINCIPAL,GQ7SF-4SS OT,Piano de cuisson STEEL GENESI 70cm 2 fours Inox Laiton Combi-Steam EXPO G7SF,0
DEPOT PRINCIPAL,HOTTEDOLCEVITA150IVORYWHITE,Hotte décorative murale Lofra DOLCEVITA 150cm Ivoire Laiton,0
DEPOT PRINCIPAL,HOTTEDOLCEVITA150IVORYWHITE,Hotte décorative murale Lofra DOLCEVITA 150cm Ivoire Laiton,0
DEPOT PRINCIPAL,HOTTEDOLCEVITA90NOIRMAT,Hotte décorative murale Lofra DOLCEVITA 90cm Noir mat Laiton,0
DEPOT PRINCIPAL,HOTTEDOLCEVITA90NOIRMAT,Hotte décorative murale Lofra DOLCEVITA 90cm Noir mat Laiton,0
DEPOT PRINCIPAL,HOTTEDOLCEVITA90NOIRMATC,Hotte décorative murale LOFRA DOLCEVITA 90 NOIR MAT Chrome HOTTEDOLCEVITA90NOIRMATC,0
DEPOT PRINCIPAL,HOTTEDOLCEVITA90NOIRMATC,Hotte décorative murale LOFRA DOLCEVITA 90 NOIR MAT Chrome HOTTEDOLCEVITA90NOIRMATC,0
DEPOT PRINCIPAL,KIT1TR41N,Crédence SMEG 110 noir Victoria KIT1TR41N,0
DEPOT PRINCIPAL,KIT1TR41N,Crédence SMEG 110 noir Victoria KIT1TR41N,0
DEPOT PRINCIPAL,KNT2FF18T,Réfrigérateur combiné encastrable ELECTROLUX KNT2FF18T,0
DEPOT PRINCIPAL,KNT2FF18T,Réfrigérateur combiné encastrable ELECTROLUX KNT2FF18T,0
DEPOT PRINCIPAL,KMK968000T,Four encastrable noir AEG  KMK968000T,0
DEPOT PRINCIPAL,KMK968000T,Four encastrable noir AEG  KMK968000T,0
DEPOT PRINCIPAL,LEIHDC90BC/-EU,Hotte décorative Falcon CLASSIC 90cm sans barre (Couleur : Noir),0
DEPOT PRINCIPAL,LEIHDC90BC/-EU,Hotte décorative Falcon CLASSIC 90cm sans barre (Couleur : Noir),0
DEPOT PRINCIPAL,PLINTHELOFRADOLCEVITA120,Plinthe pour Lofra 120cm 21502533 - Hauteur : 135,0
DEPOT PRINCIPAL,PLINTHELOFRADOLCEVITA120,Plinthe pour Lofra 120cm 21502533 - Hauteur : 135,0
DEPOT PRINCIPAL,PLINTHELOFRADOLCEVITA150,Plinthe pour Lofra 150cm 21503558 - Hauteur : 135,0
DEPOT PRINCIPAL,PLINTHELOFRADOLCEVITA150,Plinthe pour Lofra 150cm 21503558 - Hauteur : 135,0
DEPOT PRINCIPAL,PLINTHELOFRADOLCEVITA90,Plinthe pour Lofra 90cm 21502190 - Hauteur : 135,0
DEPOT PRINCIPAL,PLINTHELOFRADOLCEVITA90,Plinthe pour Lofra 90cm 21502190 - Hauteur : 135,0
DEPOT PRINCIPAL,RNMD96MFTE/CIB,Piano de cuisson LOFRA DOLCE VITA 90cm Noir Bronze Mixte 2 fours RNMD96MFTE/CiB,0
DEPOT PRINCIPAL,RNMD96MFTE/CIB,Piano de cuisson LOFRA DOLCE VITA 90cm Noir Bronze Mixte 2 fours RNMD96MFTE/CiB,0
DEPOT PRINCIPAL,PRO46E,Cave à vin LE CHAI PRO46E,0
DEPOT PRINCIPAL,PRO46E,Cave à vin LE CHAI PRO46E,0
DEPOT PRINCIPAL,RMHDC110WC/-EU,Hotte décorative murale Falcon CLASSIC 110cm sans barre (Couleur : Blanc),0
DEPOT PRINCIPAL,RMHDC110WC/-EU,Hotte décorative murale Falcon CLASSIC 110cm sans barre (Couleur : Blanc),0
DEPOT PRINCIPAL,RNMG96MFT/5IB,Piano de cuisson LOFRA DOLCEVITA 90cm Noir Bronze Induction RNMG96MFT/5i,0
DEPOT PRINCIPAL,RNMG96MFT/5IB,Piano de cuisson LOFRA DOLCEVITA 90cm Noir Bronze Induction RNMG96MFT/5i,0
DEPOT PRINCIPAL,RNMG96MFT/CiB,Piano de cuisson LOFRA DOLCEVITA 90cm Noir Bronze  Mixte RNMG96MFT/Ci,0
DEPOT PRINCIPAL,RNMG96MFT/CiB,Piano de cuisson LOFRA DOLCEVITA 90cm Noir Bronze  Mixte RNMG96MFT/Ci,0
DEPOT PRINCIPAL,RNMG96MFT/CiC,Piano de cuisson LOFRA DOLCEVITA 90cm Noir Chrome Mixte RNMG96MFT/Ci,0
DEPOT PRINCIPAL,RNMG96MFT/CiC,Piano de cuisson LOFRA DOLCEVITA 90cm Noir Chrome Mixte RNMG96MFT/Ci,0
DEPOT PRINCIPAL,TR4110IBL2,Piano de cuisson SMEG Induction 110cm Victoria (Couleur : Noir) TR4110IBL2,0
DEPOT PRINCIPAL,TR4110IBL2,Piano de cuisson SMEG Induction 110cm Victoria (Couleur : Noir) TR4110IBL2,0
DEPOT PRINCIPAL,TR4110BL1,Piano de cuisson SMEG TR4110BL1 Mixte 110cm Victoria (Couleur : Noir),0
DEPOT PRINCIPAL,TR4110BL1,Piano de cuisson SMEG TR4110BL1 Mixte 110cm Victoria (Couleur : Noir),0
DEPOT PRINCIPAL,UNBHDS90CR,Hotte décorative plate FALCON Creme UNBHDS90CR,0
DEPOT PRINCIPAL,UNBHDS90CR,Hotte décorative plate FALCON Creme UNBHDS90CR,0
DEPOT PRINCIPAL,GA4,Testjesuis a 4,4
DEPOT PRINCIPAL,GA4,Testjesuis a 4,0
DEPOT PRINCIPAL,GA5,Jesuisa5,5
DEPOT PRINCIPAL,GA5,Jesuisa5,0
DEPOT PRINCIPAL,GA6,Jesuisa6,6
DEPOT PRINCIPAL,GA6,Jesuisa6,0
DEPOT PRINCIPAL,GA7,Jesuisa7,7
DEPOT PRINCIPAL,GA7,Jesuisa7,0
DEPOT PRINCIPAL,GA8,Jesuisa7,8
DEPOT PRINCIPAL,GA8,Jesuisa7,0
DEPOT PRINCIPAL,GA9,jesuisa9,9
DEPOT PRINCIPAL,GA9,jesuisa9,0
DEPOT PRINCIPAL,GA10,jesuisa10,10
DEPOT PRINCIPAL,GA10,jesuisa10,0
EXPO MAGASIN,150100EQ337,Réfrigérateur combiné vintage SCHNEIDER SCB250VR Rouge,0
EXPO MAGASIN,150100EQ464,Réfrigérateur top DOMO DO981RTKR Vintage rouge,0
EXPO MAGASIN,150200EQ401,Réfrigérateur encastrable WHIRLPOOL ARG9070A+,0
EXPO MAGASIN,150300EQ471,Table de cuisson gaz HOTPOINT PCN752T/IX/HA,0
EXPO MAGASIN,3429.14,Couvercle Ø14 en verre pontet inox DE BUYER 3429.14,0
EXPO MAGASIN,3429.16,Couvercle Ø16 en verre pontet inox DE BUYER 3429.16,0
EXPO MAGASIN,3429.18,Couvercle Ø18 en verre pontet inox DE BUYER 3429.18,0
EXPO MAGASIN,3429.20,Couvercle Ø20 en verre pontet inox DE BUYER 3429.20,0
EXPO MAGASIN,3603.24,Sauteuse à queue Ø24CM Bombée alchimy  DE BUYER 3603.24,0
EXPO MAGASIN,3605.28,Faitout Ø28CM alchimy sans couvercle DE BUYER 3605.28,0
EXPO MAGASIN,3660.02,Anses amovibles en bois de hêtre DEBUYER LOQY,0
EXPO MAGASIN,3706.16,Casserole Ø16CM affinity tout inox  DE BUYER 3706.16,0
EXPO MAGASIN,3709.28,Couvercle Ø28 en inox pontet fonte inox DE BUYER 3709.28,0
EXPO MAGASIN,40509-310-0,Cocotte en fonte ronde 26cmØ STAUB (Couleur : Noir),0
EXPO MAGASIN,40509-840-0,Cocotte en fonte ronde 26cmØ STAUB (Couleur : Cerise),0
EXPO MAGASIN,523179,Cocotte inox avec couvercle 28cm 523179 MAUVIEL1830,0
EXPO MAGASIN,5615.26,Poele à crêpes  Ø26CM Mineral B  DE BUYER 5615.26,0
EXPO MAGASIN,5710.24,Poele Ø24CM Mineral B Bois  DE BUYER 5710.24,0
EXPO MAGASIN,5710.32,Poele  Ø32CM Mineral B Bois DE BUYER 5710.32,0
EXPO MAGASIN,5712.03,Poele Triblinis Ø27CM Mineral B Bois DE BUYER 5712.03,0
EXPO MAGASIN,5714.24,Poele paysanne  Ø24CM Mineral B Bois DE BUYER 5714.24,0
EXPO MAGASIN,5718.28,Wok Ø28CM Mineral B Bois DE BUYER 5718.28,0
EXPO MAGASIN,580232010701,Plancha ENO Fusion 60cm inox 580232010701,0
EXPO MAGASIN,580232700701,Plancha ENO Fusion 60cm gris cargo 580232700701,0
EXPO MAGASIN,6424.24,Poele ronde Ø24CM Inocuivre queue inox    DE BUYER 6424.24,0
EXPO MAGASIN,6427.35,Plat à rotir 35X25cm Cuivre Trimetal DE BUYER 6427.35,0
EXPO MAGASIN,6442.28,Faitout Ø28CM Inocuivre à couvercle DE BUYER 6442.28,0
EXPO MAGASIN,A10FF-6W,Piano de cuisson ASCOT améthyste STEEL A10FF-6W,0
EXPO MAGASIN,851005000367,Cocotte ovale 34cm oreille gris flamme interieur sable  GODIN 851005000367,0
EXPO MAGASIN,A15007953,BEKA LINE FAITOUT TITAN 28cm,0
EXPO MAGASIN,A15010311,Faitout titan 24cm BEKA LINE A15010311,0
EXPO MAGASIN,AFR-9F,Réfrigérateur ASCOT french door  Améthyste STEEL AFR-9F,0
EXPO MAGASIN,A17009740,POELE 24CM BEKA A17009740,0
EXPO MAGASIN,APOGEE190DZ,Cave à vin LA SOMMELIÈRE APOGEE190DZ,0
EXPO MAGASIN,AQ12SF-4TM,Piano de cuisson ascot 120cm STEEL AQ12SF-4TM,0
EXPO MAGASIN,BCC01TPMEU,Machine à café broyeur automatique rétro SMEG (Couleur : Taupe),0
EXPO MAGASIN,BF834RGB1,Micro onde BOSCH BF834RGB1,0
EXPO MAGASIN,BFGNS00ECT,Rôtissoire à gaz  noir mat laiton inox satiné Flamberge LA CORNUE BFGNS00ECT,0
EXPO MAGASIN,BLF01SVEU,Blender SMEG Années 50 (Couleur : Chrome),0
EXPO MAGASIN,BORGOANTICO140LGE,Piano de cuisson 140cm combiné bois électrique gaz  ARCHAMBAUD BORGOANTICO140LGE,0
EXPO MAGASIN,CDL110DFBL/C-EU,Piano de cuisson Falcon Classic Deluxe - Noir Chrome CDL110DFBL/C-EU,0
EXPO MAGASIN,CDL90DFSL/C-EU,Piano de cuisson FALCON Classic Deluxe  90 gris ardoise chrome mixte CDL90DFSL/C-EU,0
EXPO MAGASIN,CDL90EIBL/B-EU,Piano de cuisson FALCON Classic Deluxe 90  noir laiton induction CDL90EIBL/B-EU,0
EXPO MAGASIN,CFE110EISS/NS,Piano de cuisson cornufé 110cm induction Inox satiné  nickel inox satiné LA CORNUE CFE110EISS/NS,0
EXPO MAGASIN,CHROMA540,Cave à vin de service électrochromatique LE CHAI CHROMA540,0
EXPO MAGASIN,CPF9GPOR,Piano de cuisson SMEG mixte orange CPF9GPOR,0
EXPO MAGASIN,CPF120IGMPBL,Piano de cuisson SMEG PORTOFINO 120cm Mixte Noir CPF120IGMPBL,0
EXPO MAGASIN,COVER1480,Hotte décorative murale FALMEC COVER1480,0
EXPO MAGASIN,CRED110VERRENOIR,Crédence 110cm Verre  noir  CRED110VERRENOIR,0
EXPO MAGASIN,CTPNE147,Cave à vin LA SOMMELIÈRE CTPNE147,0
EXPO MAGASIN,CRED90NOIR,Crédence 90cm noir  900x670mm,0
EXPO MAGASIN,CX90GM,Piano de cuisson SMEG 90 cm mixte CX90GM,0
EXPO MAGASIN,DB0614E0,Lave vaisselle Lofra DOLCEVITA DB0614E0,0
EXPO MAGASIN,DB0614E0/BLACK MATT BRASS,"Lave-vaisselle encastrable Lofra DOLCEVITA (Finition : Laiton, Couleur : Noir) B0614E0/BL MATT BRASS",0
EXPO MAGASIN,DIS01,Desserte achille en inox avec rideau ENO DIS01,0
EXPO MAGASIN,DO154A,Mini rafraichisseur d'air DOMO DO154A,0
EXPO MAGASIN,DPN53,Desserte pour plancha  EMILE / HPL et bois  ENO DPN53,0
EXPO MAGASIN,ELS110DFWH/-EU,Piano de cuisson FALCON Elise 110cm Mixte blanc ELS110DFWH/-EU,0
EXPO MAGASIN,EC9155MB,Machine à expresso DELONGHI EC9155MB,0
EXPO MAGASIN,ER71505ERIOSLT,Piano de cuisson AGA Induction  electric ER71505ERIOSLT + r7502eislt,0
EXPO MAGASIN,EXT5ANSPIANO,Extension de garantie 5 ans piano de cuisson Gaz,0
EXPO MAGASIN,F1092DXDFBL/CM-EU,"Piano de cuisson FALCON PKR 110 Deluxe Noir Chrome, Grilles mattes mixte F1092DXDFBL/CM-EU",0
EXPO MAGASIN,F457PROMWTN,Micro-onde encastrable BERTAZZONI F457PROMWTN,0
EXPO MAGASIN,F6011PROVPTN,Four à encastrer 60cm BERTAZZON IF6011PROVPTN,0
EXPO MAGASIN,FA490RAN5,Réfrigérateur 2 portes 70cm anthracite SMEG FA490RAN5,0
EXPO MAGASIN,FAB28LDUJ5,Réfrigérateur 1 porte union jack SMEG FAB28LDUJ5,0
EXPO MAGASIN,FALSP90SS,Crédence FALCON sans badge 90cm inox FALSP90SS,0
EXPO MAGASIN,FALHDC110BC/-EU,"Hotte décorative murale Falcon CLASSIC 110cm avec barre (Finition : Chrome, Couleur : Noir)",0
EXPO MAGASIN,FAB32RBL5,Réfrigérateur combiné SMEG FAB32R (Couleur : Noir),0
EXPO MAGASIN,FCON1092EICA/N-EU,Piano de cuisson FALCON PKR Continental  bleu de chine nickel induction  FCON1092EICA/N-EU,0
EXPO MAGASIN,FHDCT900BL/C,Hotte décorative Falcon PKR CONTEMPORAINE 90 Noir chrome FHDCT900BL/C,0
EXPO MAGASIN,FN37402i,Congélateur MIELE FN37402i,0
EXPO MAGASIN,FORF-INJECTEUR,Forfait modification injecteurs gaz butane / propane,0
EXPO MAGASIN,FQ960BL5,Réfrigérateur américain SMEG Victoria 4 portes (Couleur : Noir),0
EXPO MAGASIN,GAZ NATUREL 1.5M,FLEXIBLE GAZ 1.50,0
EXPO MAGASIN,GA960PCGIX,Piano de cuisson gaz GLEM GA960PCGIX,0
EXPO MAGASIN,GAZ NATUREL 2M,FLEXIBLE GAZ NATUREL 2M,0
EXPO MAGASIN,GAZ PROP/BUT 1.5M,FLEXIBLE GAZ BOUTEILLE PROPANE BUTANE,0
EXPO MAGASIN,GFRNM819 4 DOORS,Réfrigérateur américain Lofra DOLCEVITA 4 portes Noir Laiton GFRNM819 4 DOORS,0
EXPO MAGASIN,HER126G2ENET,Piano de cuisson 120cm noir BERTAZZONI HER126G2ENET,0
EXPO MAGASIN,GU850CER,Piano de cuisson GLEM GU850CER,0
EXPO MAGASIN,HC451501EB,AEG TABLE INDUCT. HC451501EB,0
EXPO MAGASIN,HLBI9G2I,Plaque de cuisson Lofra NETTUNO 90 cm gaz + induction Ivoire HLBI9G2I,0
EXPO MAGASIN,HOTPYR90NOIR,Hotte décorative murale Stoves 90cm (Couleur : Noir),0
EXPO MAGASIN,HOTTEDOLCEVITA90NOIRMAT,Hotte décorative murale Lofra DOLCEVITA 90cm Noir mat Laiton,0
EXPO MAGASIN,IKP2654,Réfrigérateur intégrable LIEBHERR IKP2654,0
EXPO MAGASIN,IRF1784,Réfrigérateur 1 porte encastrable LIEBHERR IRF1784,0
EXPO MAGASIN,JNPR1,Bouteille spiritueux sans alcool JNPR N°1 (70cl),0
EXPO MAGASIN,JNPR2,Bouteille spiritueux sans alcool JNPR N°2 (70cl),0
EXPO MAGASIN,K120HERTX,Hotte murale Heritage 120cm BERTAZZONI K120HERTX,0
EXPO MAGASIN,KLF05BLEU,Mini bouilloire électrique SMEG (Couleur : Noir),0
EXPO MAGASIN,KCH90DFBL/C-EU,Piano de cuisson Falcon KITCHENER 90cm mixte (Couleur : Noir),0
EXPO MAGASIN,KT110BLE,Hotte décorative murale SMEG Victoria 110cm Noir KT110BLE,0
EXPO MAGASIN,LAK100AA,Hotte 100cm Améthyste STEEL LAK100AA,0
EXPO MAGASIN,LCF1532CTG-NO/CB,Piano de cuisson Citeaux noir chrome brillant LACANCHE LCF1532CTG-NO/CB,0
EXPO MAGASIN,LEIHDC100SS/C-EU,Hotte décorative murale Falcon CLASSIC 100 cm sans barre (Couleur : Inox),0
EXPO MAGASIN,LG962CTG,Piano de cuisson Bussy Bleu delf finition laiton LACANCHE LG962CTG,0
EXPO MAGASIN,LM1640,Cave à vin de service LE CHAI LM1640,0
EXPO MAGASIN,LMVI1052ECT,Piano de cuisson Cluny corail bleu LACANCHE LMVI1052ECT,0
EXPO MAGASIN,OCS8487B-1,Four combiné vapeur 45cm noir ASKO OCS8487B-1,0
EXPO MAGASIN,NEX90EISS/C-EU,Piano de cuisson FALCON Nexus 90  Inox chrome induction NEX90EISS/C-EU,0
EXPO MAGASIN,P-2000,Hotte décorative PANDO 150cm P-2000,0
EXPO MAGASIN,P-221/90,Hotte 90cm gris mat  PANDO P-221/90,0
EXPO MAGASIN,PARMAXL,Plancha grille viande SMEG Concerto  PARMAXL,0
EXPO MAGASIN,PCRED90INOX,Crédence STOVES 90cm inox PCRED90INOX,0
EXPO MAGASIN,PDL110EIGB/C-EU,Piano de cuisson FALCON Professional Deluxe 110 CM noir brillant chrome induction PDL110EIGB/C-EU,0
EXPO MAGASIN,PHOT90STERINOX,Hotte décorative plate STOVES Sterling PHOT90STERINOX,0
EXPO MAGASIN,PLANE1420,Hotte murale FALMEC Plane Black NRS 90 cm,0
EXPO MAGASIN,PPRECIDX110DFBL,Piano de cuisson STOVES precision deluxe 110 DFT noir  PPRECIDX110DFBL,0
EXPO MAGASIN,PRD96MFTE/5I,Piano de cuisson LOFRA VENEZIA 90cm rouge Induction PRD96MFTE/5I,0
EXPO MAGASIN,PRICHDX90DFMMI,Piano de cuisson Stoves RICHMOND DELUXE 90cm Mixte (Couleur : Mojito mint),0
EXPO MAGASIN,PRICHDX90EITBL,Piano de cuisson STOVES Richmond Deluxe 90cm induction bleu orage PRICHDX90EITBL,0
EXPO MAGASIN,PROCH94I1ECAT,Piano de cuisson BERTAZZONI 90 cm Induction avec hotte intégrée (Couleur : Gris Anthracite),0
EXPO MAGASIN,PURU,Table cuisson induction avec dispositif  aspirant BORA PURU,0
EXPO MAGASIN,REF904FFNXTC,Réfrigérateur portes françaises fabrique de glace BERTAZZONI REF904FFNXTC,0
EXPO MAGASIN,RNMG96MFT/Ci,Piano de cuisson LOFRA DOLCEVITA 90cm Noir Laiton Mixte RNMG96MFT/Ci,0
EXPO MAGASIN,SLS41,Cave à vin de service LA SOMMELIÈRE SLS41,0
EXPO MAGASIN,SFP4120PZ,Four compact SMEG SFP4120PZ,0
EXPO MAGASIN,SMF03BLEU,Robot ménager Smeg SMF03BLEU Noir,0
EXPO MAGASIN,SOP6900TN,Four encastrable pyrolyse SMEG Victoria 60 cm (Couleur : Noir),0
EXPO MAGASIN,STL322BQLFR,Lave-vaisselle 60cm intégrable SMEG  STL322BQLFR,0
EXPO MAGASIN,T208H.W,Sèche-linge pompe à chaleur 8kg ASKO T208H.W,0
EXPO MAGASIN,TR103P,Piano de cuisson Smeg Victoria 100cm Mixte (Couleur : Crème),0
EXPO MAGASIN,TR4110BL1,Piano de cuisson SMEG TR4110BL1 Mixte 110cm Victoria (Couleur : Noir),0
EXPO MAGASIN,TSF01PGEU,Grille pain SMEG Vert d'eau TSF01PGEU,0
EXPO MAGASIN,UNBSP110BL/,Crédence FALCON sans badge noir UNBSP110BL/,0
EXPO MAGASIN,UWKES1752-22,Cave à vin encastrable LIEBHERR UWKES1752-22,0
EXPO MAGASIN,VIP196,Cave à vin LA SOMMELIÈRE VIP196,0
EXPO MAGASIN,W2086R.W,Lave-linge hublot  ASKO W2086R.W,0
EXPO MAGASIN,WD60N,Tirroir chauffant BERTAZZONI WD60N,0
EXPO MAGASIN,WOKLOFRA,Support wok LOFRA 03190152,0
EXPO MAGASIN,WKEGB582-21,Cave à vin encastrable LIEBHERR WKEGB582-21,0
RESERVE MAGASIN,00524274,Cuve BLANCO 00524274,0
RESERVE MAGASIN,11538,Gille pain 1 fente visible MAGIMIX 11538,0
RESERVE MAGASIN,121095,Evier timbre d'office céramique blanc  1 bac  Villeroy & Boch 121095,0
RESERVE MAGASIN,150300EEN77,Hottes décorative ELECTROLUX EFF90462OX,0
RESERVE MAGASIN,2012.41,Mandoline REVOLUTION MASTER DeBuyer 2012.41,0
RESERVE MAGASIN,21503105DOORKIT,Porte  de Lave vaisselle Lofra DOLCEVITA IVOIRE Laiton 21503105,0
RESERVE MAGASIN,27ART10AKPL.EAUW,Ecran tactile led sur pied mobile LG 27ART10AKPL.EAUW,0
RESERVE MAGASIN,3358.02,Poche à douille automatique et accessoires LE TUBE PRO DeBuyer 3358.02,0
RESERVE MAGASIN,3601.14,Casserole Ø14CM alchimy  DE BUYER 3601.14,0
RESERVE MAGASIN,3601.16,Casserole Ø16CM alchimy  DE BUYER 3601.16,0
RESERVE MAGASIN,3601.18,Casserole Ø18CM alchimy  DE BUYER 3601.18,0
RESERVE MAGASIN,3601.20,Casserole Ø20CM alchimy  DE BUYER 3601.20,0
RESERVE MAGASIN,3602.28,Sauteuse à queue Ø24CM Bord droit alchimy  DE BUYER 3602.28,0
RESERVE MAGASIN,3604.20,Poele Ø20CM alchimy  DE BUYER 3604.20,0
RESERVE MAGASIN,3604.24,Poele Ø24CM alchimy  DE BUYER 3604.24,0
RESERVE MAGASIN,3604.32,Poele Ø32CM alchimy  DE BUYER 3604.32,0
RESERVE MAGASIN,3605.28,Faitout Ø28CM alchimy sans couvercle DE BUYER 3605.28,0
RESERVE MAGASIN,3660.00,Poignée amovible en fonte d'inox DEBUYER LOQY 3660.00,0
RESERVE MAGASIN,3660.02,Anses amovibles en bois de hêtre DEBUYER LOQY,0
RESERVE MAGASIN,3661.02,Batterie de 3 pièces DEBUYER ALCHIMY LOQY,0
RESERVE MAGASIN,3661.03,Batterie de 7 pièces DEBUYER ALCHIMY LOQY,0
RESERVE MAGASIN,3661.16,Casserole en inox DEBUYER ALCHIMY LOQY 16cm,0
RESERVE MAGASIN,3661.18,Casserole en inox DEBUYER ALCHIMY LOQY 18cm,0
RESERVE MAGASIN,3661.20,Casserole en inox DEBUYER ALCHIMY LOQY 20cm,0
RESERVE MAGASIN,3661.24,Casserole en inox DEBUYER ALCHIMY LOQY 24cm,0
RESERVE MAGASIN,3662.24,Sauteuse en inox DEBUYER ALCHIMY LOQY 24cm,0
RESERVE MAGASIN,3662.28,Sauteuse en inox DEBUYER ALCHIMY LOQY 28cm,0
RESERVE MAGASIN,3663.24,Poêle en inox DEBUYER ALCHIMY LOQY 24cm,0
RESERVE MAGASIN,3663.28,Poêle en inox DEBUYER ALCHIMY LOQY 28cm,0
RESERVE MAGASIN,36GSL,Plancha grill lisse LACANCHE 36GSL,0
RESERVE MAGASIN,36LGR,Réducteur de grille LACANCHE 36LGR,0
RESERVE MAGASIN,3706.20,Casserole Ø20CM affinity tout inox  DE BUYER 3706.20,0
RESERVE MAGASIN,3730.24,Sauteuse à queue Ø24CM Bord droit affinity  DE BUYER 3730.24,0
RESERVE MAGASIN,3742.24,Faitout Ø24CM affinity avec couvercle tout inox  DE BUYER 3742.24,0
RESERVE MAGASIN,379445,Robinetterie NOVARA-PLUS FRANKE 379445,0
RESERVE MAGASIN,40501-448-0,Cocotte en fonte ovale 33cmØ STAUB (Couleur : Truffe blanche),0
RESERVE MAGASIN,40509-322-0,Cocotte en fonte ovale 33cmØ STAUB (Couleur : Noir),0
RESERVE MAGASIN,40509-324-0,Cocotte en fonte ovale 33cmØ STAUB (Couleur : Gris graphite),0
RESERVE MAGASIN,40509-362-0,Cocotte en fonte ronde 28cmØ STAUB (Couleur : Grenadine),0
RESERVE MAGASIN,40509-691-0,Cocotte en fonte ovale 33cmØ STAUB (Couleur : Basilic),0
RESERVE MAGASIN,40509-692-0,Cocotte en fonte ovale 33cmØ STAUB (Couleur : Grenadine),0
RESERVE MAGASIN,40509-840-0,Cocotte en fonte ronde 26cmØ STAUB (Couleur : Cerise),0
RESERVE MAGASIN,40510-285-0,Cocotte en fonte ronde 28cmØ STAUB (Couleur : Bleu intense),0
RESERVE MAGASIN,40510-290-0,Cocotte en fonte ovale 33cmØ STAUB (Couleur : Bleu intense),0
RESERVE MAGASIN,514486,Evier céramique Panor 60 BLANCO 514486,0
RESERVE MAGASIN,526087,Evier a encastrer BLANCO 526087,0
RESERVE MAGASIN,531732700701,Plancha ENO Bergerac 75 531732700701,0
RESERVE MAGASIN,5530.30,Poêle DE BUYER Grill en acier CARBONE PLUS 30cm,0
RESERVE MAGASIN,5610.20,Poêle ronde en acier Ø20CM Mineral B DE BUYER 5610.20,0
RESERVE MAGASIN,5610.32,Poêle ronde en acier Ø32CM Mineral B DE BUYER 5610.32,0
RESERVE MAGASIN,5615.26,Poele à crêpes  Ø26CM Mineral B  DE BUYER 5615.26,0
RESERVE MAGASIN,5615.30,Poele à crêpes  Ø30CM Mineral B  DE BUYER 5615.30,0
RESERVE MAGASIN,5618.24,Wok à queue acier Ø24CM Mineral B DE BUYER 5618.24,0
RESERVE MAGASIN,5651.36,Plat à rôtir en acier MINERAL B DeBuyer 5651.36,0
RESERVE MAGASIN,5664.24,Poêle en acier DEBUYER MINERAL B LOQY 24cm,0
RESERVE MAGASIN,5664.28,Poêle en acier DEBUYER MINERAL B LOQY 28cm,0
RESERVE MAGASIN,570232010701,Plancha ENO Enosign 65 Inox,0
RESERVE MAGASIN,570232580701,Plancha ENO Enosign 65 Bleu navy,0
RESERVE MAGASIN,57023285070C,Plancha ENO Enosign 65 Noir & Inox,0
RESERVE MAGASIN,57028385,Combo ENO Enosign 65cm noir inox gaz 57028385,0
RESERVE MAGASIN,570332010701,Plancha ENO ENOSIGN 80 Inox,0
RESERVE MAGASIN,6830,Groupe filtrant plafonnier Novy PURELINE 90cm Inox,0
RESERVE MAGASIN,6840,Plafonnier Novy Pure'line avec éclairage 120cm Inox 6840,0
RESERVE MAGASIN,730CR,Mitigeur 730CR Gaboli,0
RESERVE MAGASIN,820,Groupe filtrant plafonnier Novy MINI PURE' LINE 90 cm Inox,0
RESERVE MAGASIN,8364.24,Poêle antiadhésive DEBUYER CHOC EXTREME LOQY 24cm,0
RESERVE MAGASIN,8364.28,Poêle antiadhésive DEBUYER CHOC EXTREME LOQY 28cm,0
RESERVE MAGASIN,8365.24,Sauteuse bombée antiadhésive DEBUYER CHOC EXTREME LOQY 24cm,0
RESERVE MAGASIN,8365.28,Sauteuse bombée antiadhésive DEBUYER CHOC EXTREME LOQY 28cm,0
RESERVE MAGASIN,850003000224,Cocotte ronde 23cm rubis sable interieur sable  Godin 850003000224,0
RESERVE MAGASIN,850004000371,Cocotte ronde D25cm Blanche interieur Sable GODIN 850004000371,0
RESERVE MAGASIN,897384,Egouttoir ROLLMAT,0
RESERVE MAGASIN,A31317,Pack Bradanit + Miitgeur + Vannes Filtres BRADANO A31317,0
RESERVE MAGASIN,A51386,Mitigeur avisio douchette inox BRADANO A51386,0
RESERVE MAGASIN,AF1122/1,Réfrigérateur table top blanc 119L,0
RESERVE MAGASIN,AFR-9FCE-O,Réfrigérateur ASCOT french door bleu celeste STEEL AFR-9FCE-O,0
RESERVE MAGASIN,AKT913/LX,Table de cuisson vitro WHIRLPOOL AKT913/LX,0
RESERVE MAGASIN,ARCAV54,Cave à vin de service intégrable 60 cm ARCAV54,0
RESERVE MAGASIN,BBIE13300XD,Four à vapeur encastrable BEKO BBIE13300XD,0
RESERVE MAGASIN,BCC01BLMEU,Machine à café avec broyeur SMEG Noir mat BCC01BLMEU,0
RESERVE MAGASIN,BF922R1B1,Micro-ondes encastrable 21L SIEMENS BF922R1B1,0
RESERVE MAGASIN,BLF01PBEU,Blender SMEG Années 50 (Couleur : Bleu),0
RESERVE MAGASIN,BLF03WHEU,Blender SMEG Années 50 BLF03 (Couleur : Blanc),0
RESERVE MAGASIN,5710.26,Poele Ø26CM Mineral B Bois  DE BUYER 5710.26,0
RESERVE MAGASIN,5710.28,Poele Ø28CM Mineral B Bois  DE BUYER 5710.28,0
RESERVE MAGASIN,5710.32,Poele  Ø32CM Mineral B Bois DE BUYER 5710.32,0
RESERVE MAGASIN,5712.03,Poele Triblinis Ø27CM Mineral B Bois DE BUYER 5712.03,0
RESERVE MAGASIN,5714.24,Poele paysanne  Ø24CM Mineral B Bois DE BUYER 5714.24,0
RESERVE MAGASIN,5718.28,Wok Ø28CM Mineral B Bois DE BUYER 5718.28,0
RESERVE MAGASIN,5718.32,Wok Ø32CM Mineral B Bois DE BUYER 5718.32,0
RESERVE MAGASIN,575232014201,Plancha ENO Enosign 65 cm Electrique 575232014201,0
RESERVE MAGASIN,6406.20,Casserole Ø20CM Inocuivre queue inox DE BUYER 6406.20,0
RESERVE MAGASIN,6424.28,Poele ronde Ø28CM Inocuivre queue inox    DE BUYER 6424.28,0
RESERVE MAGASIN,5710.20,Poele Ø20CM Mineral B Bois  DE BUYER 5710.20,0
RESERVE MAGASIN,CHEVALIERFACES,Faces meubles HACKER,0
RESERVE MAGASIN,CHROMA540,Cave à vin de service électrochromatique LE CHAI CHROMA540,0
RESERVE MAGASIN,CJF01CREU,Presse Agrumes Années 50 crème SMEG CJF01CREU,0
RESERVE MAGASIN,CJF01PGEU,Presse-Agrumes Smeg Années 50 (Couleur : Vert d'eau),0
RESERVE MAGASIN,COCOTTEBKBLEU26,Cocotte indigo 26cm bleu BK COCOTTEBKBLEU26,0
RESERVE MAGASIN,COCOTTEBKCREME22,Cocotte indigo 22cm Crème BK COCOTTEBKCREME22,0
RESERVE MAGASIN,COCOTTEBKVERT26,Cocotte indigo 26cm Vert BK COCOTTEBKVERT26,0
RESERVE MAGASIN,CPS6501,Couvercle de plancha ENO Enosign 65 Inox,0
RESERVE MAGASIN,CPS6558,Couvercle de plancha ENO Enosign 65 Bleu Navy,0
RESERVE MAGASIN,CPS6585,Capot de plancha ENO ENOSIGN 65 Noir,0
RESERVE MAGASIN,CPS8001,Couvercle de plancha ENO Enosign 80 Inox,0
RESERVE MAGASIN,CRED110INOX,Crédence110cm inox  CRED110INOX,0
RESERVE MAGASIN,CRED110NOIR,Crédence110cm noir  1100x670mm,0
RESERVE MAGASIN,CTP253,Cave à vin LA SOMMELIÈRE CTP253,0
RESERVE MAGASIN,CWC 154 EEL/N,Cave à vin CANDY CWC154EEL/N,0
RESERVE MAGASIN,CX1,Aspirateur traîneau sans sac Blizzard CX1 Gris graphite,0
RESERVE MAGASIN,DCF02WHEU,Machine à café SMEG (Couleur : Blanc),0
RESERVE MAGASIN,DGC7640HC,Four vapeur multifonctions encastrable noir MIELE DGC7640HC,0
RESERVE MAGASIN,5710.24,Poele Ø24CM Mineral B Bois  DE BUYER 5710.24,0
RESERVE MAGASIN,DO154A,Mini rafraichisseur d'air DOMO DO154A,0
RESERVE MAGASIN,DSD444B/1,Lave vaisselle 82cm 14 couverts DSD444B/1 ASKO,0
RESERVE MAGASIN,E297,Groupe plafond 90cm inox PANDO E297,0
RESERVE MAGASIN,ECF01PBEU,Machine à café Expresso SMEG (Couleur : Bleu),0
RESERVE MAGASIN,EC9155MB,Machine à expresso DELONGHI EC9155MB,0
RESERVE MAGASIN,ETA9PCG,Etagère butamax lots de 2 GLEM AIRLUX ETA9PCG,0
RESERVE MAGASIN,ETOZ272DE/1-11,Lave-linge top 7kg ZEROWATT ETOZ272DE/1-11,0
RESERVE MAGASIN,EV06706,EVIER NOIR CUVE SOUS PLAN VIDAGE MANUEL EV06706,0
RESERVE MAGASIN,EV_59894,Evier moka BRADANO EV_59894,0
RESERVE MAGASIN,EX878LYV5E,Table de cuisson induction noir SIEMENS EX878LYV5E,0
RESERVE MAGASIN,EXT5ANSPIANO,Extension de garantie 5 ans piano de cuisson Gaz,0
RESERVE MAGASIN,FAB50RPB5,Réfrigérateur combiné 2 portes SMEG - Charnières à droite (Couleur : Bleu),0
RESERVE MAGASIN,FAB38LBL5,Combiné réfrigérateur congélateur Noir  Charnières gauche SMEGFAB38LBL5,0
RESERVE MAGASIN,FL328EEW,Réfrigérateur FAGOR FL328EEW,0
RESERVE MAGASIN,FE1NNEEEF1,Piano de cuisson cornufe 110cm noir mat nickel inox satiné LA CORNUE FE1NNEEEF1,0
RESERVE MAGASIN,FLEXIBLE GAZ 1.5M BELGIQUE,"FLEXIBLE GAZ BOUTEILLE/NATUREL 1,5M BELGIQUE",0
RESERVE MAGASIN,FLT6,Filtre à charbon SMEG FLT6,0
RESERVE MAGASIN,FORF-INJECTEUR,Forfait modification injecteurs gaz butane / propane,0
RESERVE MAGASIN,G5072VI,Lave-vaisselle intégrable 60cm inox MIELE G5072VI,0
RESERVE MAGASIN,G7460SCVI,Lave-vaisselle full intégrable 60cm Autodos MIELE G7460SCVI,0
RESERVE MAGASIN,GAZ NATUREL 1.5M,FLEXIBLE GAZ 1.50,0
RESERVE MAGASIN,GAZ NATUREL 2M,FLEXIBLE GAZ NATUREL 2M,0
RESERVE MAGASIN,GAZ PROP/BUT 1.5M,FLEXIBLE GAZ BOUTEILLE PROPANE BUTANE,0
RESERVE MAGASIN,GAZ PROP/BUT 2M,FLEXIBLE GAZ BOUTEILLE 2M,0
RESERVE MAGASIN,CFE110EISS/BN,Piano de cuisson cornufé 110cm induction inox laiton LA CORNUE CFE110EISS/BN,0
RESERVE MAGASIN,GRUPEVO3130,Groupe filtrant Falmec GRUPEVO3130,0
RESERVE MAGASIN,H7260BP,Four encastrable  pyrolyse gris graphique  Miele H7260BP,0
RESERVE MAGASIN,GSS6876SC,Réfrigérateur américain inox 179cm LG GSS6876SC,0
RESERVE MAGASIN,HBF11PBEU,Mixeur plongeant Années 50 SMEG HBF11 (Couleur : Bleu ciel),0
RESERVE MAGASIN,HBF11RDEU,Mixeur plongeant Années 50 SMEG HBF11 (Couleur : Rouge),0
RESERVE MAGASIN,HII63401MT,Plaque de cuisson induction 60cm BEKO HII63401MT,0
RESERVE MAGASIN,HCI085,Housse noire anti-UV pour chariot ENO 80/90 HCI085,0
RESERVE MAGASIN,HOTTEGRANDMAMAN90,Hotte grand maman 90cm LA CORNUE HOTTEGRANDMAMAN90,0
RESERVE MAGASIN,HPI65,Housse noire anti-UV pour plancha ENOSIGN 60/65 ENO HPI65,0
RESERVE MAGASIN,HR976GMB1,Four encastrable vapeur noir SIEMENS HR976GMB1,0
RESERVE MAGASIN,HZ327000,Pierre à pain et à pizza pour four HZ327000,0
RESERVE MAGASIN,HZ390512,Plat teppan yaki SIEMENS HZ390512,0
RESERVE MAGASIN,HZ390522,Plaque grille fonte 40x20cm SIEMENS HZ390522,0
RESERVE MAGASIN,IRE1780,Réfrigérateur 1 porte encastrable LIEBHERR IRE1780,0
RESERVE MAGASIN,KI86SSDD0,Réfrigérateur SIEMENS KI86SSDD0,0
RESERVE MAGASIN,KI87FSDB0,Réfrigérateur combiné encastrable SIEMENS KI87FSDB0,0
RESERVE MAGASIN,KLF03BLMEU,Bouilloire SMEG Années 50 (Couleur : Noir mat),0
RESERVE MAGASIN,KLF03CHMEU,Bouilloire SMEG Années 50 (Couleur : Or mat),0
RESERVE MAGASIN,KLF03CREU,Bouilloire crème SMEG KLF03CREU,0
RESERVE MAGASIN,KLF03EGMEU,Bouilloire SMEG - Vintage - Années 50 (Couleur : Vert émeraude),0
RESERVE MAGASIN,KLF03GOEU,Bouilloire SMEG Années 50 (Couleur : Or),0
RESERVE MAGASIN,KLF03PBEU,Bouilloire SMEG Années 50 (Couleur : Bleu),0
RESERVE MAGASIN,KLF03PGEU,Bouilloire SMEG Années 50 (Couleur : Vert d'eau),0
RESERVE MAGASIN,KLF03PKEU,Bouilloire rose SMEG KLF03PKEU,0
RESERVE MAGASIN,KLF03RDEU,Bouilloire rouge SMEG KLF03RDEU,0
RESERVE MAGASIN,KLF03SSEU,Bouilloire SMEG KLF03SSEU Chrome,0
RESERVE MAGASIN,KLF03WHEU,SMEG BOUILLOIRE BLANCHE KLF03WHEU,0
RESERVE MAGASIN,KLF03WHMEU,Bouilloire SMEG Années 50 (Couleur : Blanc mat),0
RESERVE MAGASIN,KLF04BLEU,Bouilloire années 50 noir SMEG KLF04BLEU,0
RESERVE MAGASIN,KLF04PBEU,Bouilloire bleuazu SMEG KLF04PBEU,0
RESERVE MAGASIN,KLF04PGEU,Bouilloire avec réglage de la température SMEG (Couleur : Vert d'eau),0
RESERVE MAGASIN,KLF05CREU,Mini bouilloire électrique SMEG (Couleur : Crème),0
RESERVE MAGASIN,KLF05PGEU,Mini bouilloire électrique SMEG (Couleur : Vert d'eau),0
RESERVE MAGASIN,KM7667FL,Table de cuisson vitrocéramique noir MIELE KM7667FL,0
RESERVE MAGASIN,KLF05WHEU,Mini bouilloire électrique SMEG (Couleur : Blanc),0
RESERVE MAGASIN,KN5301,Coffret nettoyage plancha ENO KN5301,0
RESERVE MAGASIN,L2HM1200,Hotte aspiration radiale bleu corail LACANCHE L2HM1200,0
RESERVE MAGASIN,LC457CA60,HOTTE DECOR CUBE INOX LC457CA60,0
RESERVE MAGASIN,LCF1052GCT-NO/LA,Piano de cuisson cluny noir laiton LACANCHE LCF1052GCT,0
RESERVE MAGASIN,LD88WMM66,Hotte plan de travail 80cm Siemens LD88WMM66,0
RESERVE MAGASIN,LEIHDC110CYC,FALCON HOTTE DECO ROUGE 110 LEIHDC110CYC,0
RESERVE MAGASIN,LEIHDC90BC/-EU,Hotte décorative Falcon CLASSIC 90cm sans barre (Couleur : Noir),0
RESERVE MAGASIN,LESAGESAV,SAV CUISINE NOVA,0
RESERVE MAGASIN,LFT861S,Évier encastrable SMEG inox 86cm LFT861S,0
RESERVE MAGASIN,LG1052GCT-BF/IB,Piano de cuisson LACANCHE 100 cm Cluny Bleu france Inox brosse LG1052GCT-BF/IB,0
RESERVE MAGASIN,LG861S-2,Évier encastrable SMEG inox anti-griffes 86cm LG861S-2,0
RESERVE MAGASIN,LI91D,Évier encastrable SMEG inox 90cm LI91D,0
RESERVE MAGASIN,LM1640,Cave à vin de service LE CHAI LM1640,0
RESERVE MAGASIN,LMV1900,Cave à vin de vieillissement LE CHAI LMV1900,0
RESERVE MAGASIN,LOINTIERSAV,SAV HACKER,0
RESERVE MAGASIN,LVI731CT,Piano de cuisson cormation induction bleu delft chrome mat LACANCHE LVI731CT,0
RESERVE MAGASIN,LVI731CT-NO/IB,Piano de cuisson Cormatin noir inox brosse LACANCHE LVI731CT-NO/IB,0
RESERVE MAGASIN,LXP861D,Évier encastrable SMEG inox 86cm LXP861D,0
RESERVE MAGASIN,LZ21WWB16,Filtre à charbon SIEMENS LZ21WWB16,0
RESERVE MAGASIN,LZ21WWI16,Kit de recyclage avec filtre haute performance Siemens LZ21WWI16,0
RESERVE MAGASIN,LZ28WWY12,Kit de jonction Siemens LZ28WWY12,0
RESERVE MAGASIN,M7244TC,Micro-ondes 45 cm Pureline INOX 45cm MIELE M7244TC,0
RESERVE MAGASIN,MALLEPTSAV,SAV FIDELEM,0
RESERVE MAGASIN,MBE2657SEM,Four micro-ondes encastrable AEG MBE2657SEM,0
RESERVE MAGASIN,MS20A7013AB,Micro-ondes encastrable 20L noir SAMSUNG MS20A7013AB,0
RESERVE MAGASIN,PLVP260IV2,PLANCHA PURE GRILL 260 INOX,0
RESERVE MAGASIN,PORTESAV,SAV CUISINE PORTE,0
RESERVE MAGASIN,P033282,Plancha Teppan Yaki FALCON fonte pour ELISE,0
RESERVE MAGASIN,OMR58CU1SX,Four multifonction 71L intégrable WHIRLPOOL OMR58CU1SX,0
RESERVE MAGASIN,NQ5B4513GBK,Micro-ondes encastrable  noir 50L SAMSUNG NQ5B4513GBK,0
RESERVE MAGASIN,P050528,FALCON PLANCHA P050528,0
RESERVE MAGASIN,P048034,Plancha Teppan Yaki FALCON fonte P048034,0
RESERVE MAGASIN,P098451,Support wok FALCON P098451,0
RESERVE MAGASIN,P050553,FALCON SUPPORT WOK P050553,0
RESERVE MAGASIN,PAPINCUIS,Meubles de cuisine sur mesure NOVA,0
RESERVE MAGASIN,PARMAXL,Plancha grille viande SMEG Concerto  PARMAXL,0
RESERVE MAGASIN,PCRED110NOIR,Crédence STOVES 110cm noir PCRED110NOIR,0
RESERVE MAGASIN,PCRED90JAL,Crédence STOVES 90cm rouge PCRED90JAL,0
RESERVE MAGASIN,PDAS7085,Pack achille desserte gris cargo ENO PDAS7085,0
RESERVE MAGASIN,PDIS0185,Pack achille desserte inox noir avec porte ENO PDIS0185,0
RESERVE MAGASIN,PLANE1430,Hotte décorative murale 90cm inox FALMEC PLANE1430,0
RESERVE MAGASIN,PLINTHELOFRADOLCEVITA120,Plinthe pour Lofra 120cm 21502533 - Hauteur : 135,0
RESERVE MAGASIN,PLINTHELOFRADOLCEVITA150,Plinthe pour Lofra 150cm 21503558 - Hauteur : 135,0
RESERVE MAGASIN,PLINTHELOFRADOLCEVITA60,Plinthe pour Lofra 60cm 10020369 - Hauteur : 135,0
RESERVE MAGASIN,PRTX,Pierre à pizza SMEG PRTX,0
RESERVE MAGASIN,PRO1990MC,Cave à vin de vieillissement LE CHAI double zone PRO1990MC,0
RESERVE MAGASIN,RESTOUTCUIS,Meubles de cuisine sur mesure HACKER,0
RESERVE MAGASIN,RC513015,Mitigeur Hansa LUISINA RC513015,0
RESERVE MAGASIN,RESTOUTPLAN,Plan céramique XSTONE,0
RESERVE MAGASIN,RMG28/1MM,ROSIERES MICRO ONDES ENC RMG28/1MM,0
RESERVE MAGASIN,SIM6964R,Table de cuisson SMEG encastrable 90 cm induction Dolce Stil Novo,0
RESERVE MAGASIN,SBSES8496-21,LIEBHERR REFR SIDE BY SIDE SBSES8496-21,0
RESERVE MAGASIN,SMF02PBEU,Robot pâtissier SMEG Années 50 (Couleur : Bleu),0
RESERVE MAGASIN,SP12058,Spatule large pour plancha ENO SP12058,0
RESERVE MAGASIN,SR73E800LE,Lave-vaisselle tout intégrable 45 SIEMENS SR73E800LE,0
RESERVE MAGASIN,SZ36DB04,Tiroir à couverts SIEMENS SZ36DB04,0
RESERVE MAGASIN,TABLIER-LA-BF,Tablier estampillé LACANCHE (Couleur : Bleu français),0
RESERVE MAGASIN,TABLIER-LA-BLACK,Tablier estampillé LACANCHE (Couleur : Noir),0
RESERVE MAGASIN,TABLIER-LA-BORDEAUX,Tablier estampillé LACANCHE (Couleur : Rouge bordeaux),0
RESERVE MAGASIN,TABLIER-LA-BOTTLEGREEN,Tablier estampillé LACANCHE (Couleur : Vert bouteille),0
RESERVE MAGASIN,TABLIER-LA-BROWN,Tablier estampillé LACANCHE (Couleur : Marron),0
RESERVE MAGASIN,TABLIER-LA-CAMEL,Tablier estampillé LACANCHE (Couleur : Camel),0
RESERVE MAGASIN,TC3,AGA PIANO 100CM 3 FOURS DARTMOUTH BLUE TC3,0
RESERVE MAGASIN,TPKTR,Plancha Teppanyaki Victoria SMEG TPKTR,0
RESERVE MAGASIN,TSF01BLEU,Grille pain SMEG TSF01BLEU Noir,0
RESERVE MAGASIN,TSF01CHMEU,Toaster 2 tranches SMEG Années 50 (Couleur : Or mat),0
RESERVE MAGASIN,TSF01CREU,Grille pain crème SMEG TSF01CREU,0
RESERVE MAGASIN,TSF01EGMEU,Toaster 2 tranches SMEG Années 50 (Couleur : Vert émeraude),0
RESERVE MAGASIN,TSF01GOEU,Toaster 2 tranches SMEG Années 50 (Couleur : Or),0
RESERVE MAGASIN,TSF01PBEU,Grille pain SMEG TSF01PBEU bleu azur,0
RESERVE MAGASIN,TSF01PGEU,Grille pain SMEG Vert d'eau TSF01PGEU,0
RESERVE MAGASIN,TSF01RDEU,Grille pain SMEG TSF01RDEU,0
RESERVE MAGASIN,TSF01WHEU,Toaster 2 tranches SMEG blanc TSF01WHEU,0
RESERVE MAGASIN,TSF01SSEU,Grille pain SMEG TSF01SSEU Chrome,0
RESERVE MAGASIN,TSF01WHMEU,Toaster 2 tranches SMEG Années 50 (Couleur : Blanc mat),0
RESERVE MAGASIN,TSF02PBEU,Grille pain 4 ctranches SMEG TSF02PBEU,0
RESERVE MAGASIN,TSF02PGEU,Grille-Pain 4 Tranches SMEG Années 50 (Couleur : Vert d'eau),0
RESERVE MAGASIN,TSF03SSEU,Grille pain SMEG TSF03SSEU Chrome,0
RESERVE MAGASIN,TSSR02,2 pinces pour Grille-Pain SMEG TSSR02,0
RESERVE MAGASIN,UNBHDS110BL/,Hotte plate Falcon 110 cm (Couleur : Noir) UNBHDS110BL,0
RESERVE MAGASIN,UNBSP899MS,Crédence FALCON Verre argent métallique UNBSP899MS,0
RESERVE MAGASIN,W2084.W/2,Lave-linge 8kg ASKO W2084.W/2,0
RESERVE MAGASIN,PLINTHELOFRADOLCEVITA90,Plinthe pour Lofra 90cm 21502190 - Hauteur : 135,0
RESERVE MAGASIN,PLOA260E13V2,PLANCHA GAZ ADELA 260 NOIRE LE MARQUIER,0
RESERVE MAGASIN,Z01N621,Pied de cuisinière  140X180 AIRLUX Z01N621,0
RESERVE MAGASIN,ZDNPRC89057,Pied de table carré 80x80 H900 aspect inox LUISINA  ZDNPRC89057,0
